Estudiante;L
Estudiante 1;0
Estudiante 2;0
Estudiante 3;0
Estudiante 4;0
Estudiante 5;0
Estudiante 6;1
Estudiante 7;0
Estudiante 8;1
Estudiante 9;0
Estudiante 10;0
Estudiante 11;1
Estudiante 12;0
Estudiante 13;0
Estudiante 14;0
Estudiante 15;0
Estudiante 16;0
Estudiante 17;1
Estudiante 18;0
Estudiante 19;1
Estudiante 20;0
Estudiante 21;0
Estudiante 22;1
Estudiante 23;0
Estudiante 24;0
Estudiante 25;1
Estudiante 26;1
Estudiante 27;0
Estudiante 28;1
Estudiante 29;0
Estudiante 30;1
Estudiante 31;1
Estudiante 32;1
Estudiante 33;1
Estudiante 34;0
Estudiante 35;0
Estudiante 36;0
Estudiante 37;0
Estudiante 38;1
Estudiante 39;0
Estudiante 40;0
Estudiante 41;0
Estudiante 42;0
Estudiante 43;0
Estudiante 44;0
Estudiante 45;0
Estudiante 46;0
Estudiante 47;0
Estudiante 48;1
Estudiante 49;0
Estudiante 50;1
Estudiante 51;1
Estudiante 52;0
Estudiante 53;1
Estudiante 54;0
Estudiante 55;1
Estudiante 56;0
Estudiante 57;0
Estudiante 58;0
Estudiante 59;0
Estudiante 60;0
Estudiante 61;1
Estudiante 62;1
Estudiante 63;1
Estudiante 64;1
Estudiante 65;0
Estudiante 66;0
Estudiante 67;0
Estudiante 68;0
Estudiante 69;1
Estudiante 70;0
Estudiante 71;1
Estudiante 72;1
Estudiante 73;1
Estudiante 74;0
Estudiante 75;0
Estudiante 76;1
Estudiante 77;0
Estudiante 78;0
Estudiante 79;0
Estudiante 80;1
Estudiante 81;0
Estudiante 82;0
Estudiante 83;0
Estudiante 84;0
Estudiante 85;1
Estudiante 86;0
Estudiante 87;1
Estudiante 88;0
Estudiante 89;1
Estudiante 90;0
Estudiante 91;0
Estudiante 92;0
Estudiante 93;0
Estudiante 94;0
Estudiante 95;1
Estudiante 96;1
Estudiante 97;1
Estudiante 98;0
Estudiante 99;0
Estudiante 100;0
Estudiante 101;1
Estudiante 102;0
Estudiante 103;1
Estudiante 104;0
Estudiante 105;0
Estudiante 106;0
Estudiante 107;1
Estudiante 108;0
Estudiante 109;0
Estudiante 110;1
Estudiante 111;0
Estudiante 112;0
Estudiante 113;0
Estudiante 114;1
Estudiante 115;0
Estudiante 116;1
Estudiante 117;0
Estudiante 118;0
Estudiante 119;0
Estudiante 120;0
Estudiante 121;0
Estudiante 122;1
Estudiante 123;1
Estudiante 124;0
Estudiante 125;0
Estudiante 126;0
Estudiante 127;0
Estudiante 128;1
Estudiante 129;0
Estudiante 130;1
Estudiante 131;0
Estudiante 132;0
Estudiante 133;1
Estudiante 134;1
Estudiante 135;1
Estudiante 136;0
Estudiante 137;0
Estudiante 138;0
Estudiante 139;1
Estudiante 140;1
Estudiante 141;0
Estudiante 142;1
Estudiante 143;0
Estudiante 144;0
Estudiante 145;0
Estudiante 146;1
Estudiante 147;1
Estudiante 148;1
Estudiante 149;1
Estudiante 150;1
Estudiante 151;0
Estudiante 152;0
Estudiante 153;0
Estudiante 154;1
Estudiante 155;0
Estudiante 156;0
Estudiante 157;0
Estudiante 158;0
Estudiante 159;0
Estudiante 160;1
Estudiante 161;1
Estudiante 162;0
Estudiante 163;0
Estudiante 164;0
Estudiante 165;0
Estudiante 166;0
Estudiante 167;0
Estudiante 168;0
Estudiante 169;0
Estudiante 170;1
Estudiante 171;1
Estudiante 172;0
Estudiante 173;1
Estudiante 174;0
Estudiante 175;0
Estudiante 176;0
Estudiante 177;0
Estudiante 178;0
Estudiante 179;1
Estudiante 180;0
Estudiante 181;1
Estudiante 182;1
Estudiante 183;0
Estudiante 184;0
Estudiante 185;1
Estudiante 186;0
Estudiante 187;1
Estudiante 188;1
Estudiante 189;1
Estudiante 190;1
Estudiante 191;1
Estudiante 192;1
Estudiante 193;0
Estudiante 194;1
Estudiante 195;0
Estudiante 196;0
Estudiante 197;0
Estudiante 198;1
Estudiante 199;1
Estudiante 200;0
Estudiante 201;0
Estudiante 202;1
Estudiante 203;0
Estudiante 204;1
Estudiante 205;0
Estudiante 206;0
Estudiante 207;0
Estudiante 208;0
Estudiante 209;1
Estudiante 210;0
Estudiante 211;1
Estudiante 212;0
Estudiante 213;1
Estudiante 214;0
Estudiante 215;1
Estudiante 216;0
Estudiante 217;0
Estudiante 218;0
Estudiante 219;1
Estudiante 220;0
Estudiante 221;1
Estudiante 222;1
Estudiante 223;0
Estudiante 224;0
Estudiante 225;0
Estudiante 226;0
Estudiante 227;0
Estudiante 228;1
Estudiante 229;0
Estudiante 230;0
Estudiante 231;1
Estudiante 232;1
Estudiante 233;1
Estudiante 234;1
Estudiante 235;0
Estudiante 236;0
Estudiante 237;0
Estudiante 238;0
Estudiante 239;0
Estudiante 240;0
Estudiante 241;1
Estudiante 242;1
Estudiante 243;0
Estudiante 244;0
Estudiante 245;0
Estudiante 246;1
Estudiante 247;0
Estudiante 248;0
Estudiante 249;1
Estudiante 250;1
Estudiante 251;1
Estudiante 252;0
Estudiante 253;1
Estudiante 254;0
Estudiante 255;0
Estudiante 256;0
Estudiante 257;0
Estudiante 258;0
Estudiante 259;0
Estudiante 260;0
Estudiante 261;0
Estudiante 262;1
Estudiante 263;1
Estudiante 264;1
Estudiante 265;0
Estudiante 266;0
Estudiante 267;0
Estudiante 268;0
Estudiante 269;1
Estudiante 270;0
Estudiante 271;0
Estudiante 272;0
Estudiante 273;0
Estudiante 274;0
Estudiante 275;0
Estudiante 276;0
Estudiante 277;1
Estudiante 278;1
Estudiante 279;0
Estudiante 280;0
Estudiante 281;0
Estudiante 282;1
Estudiante 283;0
Estudiante 284;1
Estudiante 285;0
Estudiante 286;1
Estudiante 287;0
Estudiante 288;1
Estudiante 289;1
Estudiante 290;1
Estudiante 291;0
Estudiante 292;0
Estudiante 293;1
Estudiante 294;1
Estudiante 295;1
Estudiante 296;0
Estudiante 297;0
Estudiante 298;0
Estudiante 299;0
Estudiante 300;1
Estudiante 301;1
Estudiante 302;0
Estudiante 303;0
Estudiante 304;0
Estudiante 305;1
Estudiante 306;0
Estudiante 307;1
Estudiante 308;1
Estudiante 309;0
Estudiante 310;1
Estudiante 311;1
Estudiante 312;1
Estudiante 313;1
Estudiante 314;0
Estudiante 315;1
Estudiante 316;0
Estudiante 317;1
Estudiante 318;0
Estudiante 319;1
Estudiante 320;1
Estudiante 321;0
Estudiante 322;1
Estudiante 323;0
Estudiante 324;1
Estudiante 325;1
Estudiante 326;1
Estudiante 327;1
Estudiante 328;0
Estudiante 329;0
Estudiante 330;1
Estudiante 331;1
Estudiante 332;1
Estudiante 333;0
Estudiante 334;0
Estudiante 335;0
Estudiante 336;0
Estudiante 337;0
Estudiante 338;0
Estudiante 339;1
Estudiante 340;0
Estudiante 341;0
Estudiante 342;1
Estudiante 343;0
Estudiante 344;1
Estudiante 345;0
Estudiante 346;0
Estudiante 347;0
Estudiante 348;0
Estudiante 349;0
Estudiante 350;1
Estudiante 351;0
Estudiante 352;0
Estudiante 353;1
Estudiante 354;0
Estudiante 355;1
Estudiante 356;1
Estudiante 357;0
Estudiante 358;0
Estudiante 359;0
Estudiante 360;0
Estudiante 361;0
Estudiante 362;0
Estudiante 363;1
Estudiante 364;1
Estudiante 365;0
Estudiante 366;0
Estudiante 367;1
Estudiante 368;0
Estudiante 369;0
Estudiante 370;0
Estudiante 371;0
Estudiante 372;0
Estudiante 373;1
Estudiante 374;0
Estudiante 375;1
Estudiante 376;1
Estudiante 377;1
Estudiante 378;1
Estudiante 379;1
Estudiante 380;0
Estudiante 381;1
Estudiante 382;0
Estudiante 383;1
Estudiante 384;0
Estudiante 385;1
Estudiante 386;1
Estudiante 387;0
Estudiante 388;0
Estudiante 389;0
Estudiante 390;1
Estudiante 391;0
Estudiante 392;0
Estudiante 393;0
Estudiante 394;1
Estudiante 395;0
Estudiante 396;0
Estudiante 397;0
Estudiante 398;0
Estudiante 399;1
Estudiante 400;0
Estudiante 401;0
Estudiante 402;0
Estudiante 403;1
Estudiante 404;0
Estudiante 405;0
Estudiante 406;0
Estudiante 407;0
Estudiante 408;0
Estudiante 409;1
Estudiante 410;1
Estudiante 411;0
Estudiante 412;1
Estudiante 413;1
Estudiante 414;1
Estudiante 415;1
Estudiante 416;0
Estudiante 417;0
Estudiante 418;0
Estudiante 419;1
Estudiante 420;1
Estudiante 421;1
Estudiante 422;1
Estudiante 423;0
Estudiante 424;1
Estudiante 425;1
Estudiante 426;1
Estudiante 427;0
Estudiante 428;1
Estudiante 429;0
Estudiante 430;0
Estudiante 431;0
Estudiante 432;1
Estudiante 433;0
Estudiante 434;1
Estudiante 435;1
Estudiante 436;1
Estudiante 437;0
Estudiante 438;1
Estudiante 439;0
Estudiante 440;1
Estudiante 441;0
Estudiante 442;0
Estudiante 443;0
Estudiante 444;1
Estudiante 445;0
Estudiante 446;1
Estudiante 447;1
Estudiante 448;1
Estudiante 449;0
Estudiante 450;1
Estudiante 451;1
Estudiante 452;0
Estudiante 453;0
Estudiante 454;1
Estudiante 455;1
Estudiante 456;0
Estudiante 457;0
Estudiante 458;1
Estudiante 459;1
Estudiante 460;1
Estudiante 461;1
Estudiante 462;0
Estudiante 463;1
Estudiante 464;0
Estudiante 465;0
Estudiante 466;0
Estudiante 467;1
Estudiante 468;0
Estudiante 469;1
Estudiante 470;0
Estudiante 471;0
Estudiante 472;1
Estudiante 473;1
Estudiante 474;0
Estudiante 475;0
Estudiante 476;0
Estudiante 477;0
Estudiante 478;0
Estudiante 479;0
Estudiante 480;0
Estudiante 481;0
Estudiante 482;1
Estudiante 483;0
Estudiante 484;1
Estudiante 485;1
Estudiante 486;0
Estudiante 487;1
Estudiante 488;1
Estudiante 489;0
Estudiante 490;1
Estudiante 491;1
Estudiante 492;0
Estudiante 493;1
Estudiante 494;0
Estudiante 495;1
Estudiante 496;1
Estudiante 497;0
Estudiante 498;1
Estudiante 499;0
Estudiante 500;0
Estudiante 501;0
Estudiante 502;1
Estudiante 503;1
Estudiante 504;1
Estudiante 505;0
Estudiante 506;0
Estudiante 507;1
Estudiante 508;0
Estudiante 509;1
Estudiante 510;0
Estudiante 511;0
Estudiante 512;0
Estudiante 513;0
Estudiante 514;0
Estudiante 515;0
Estudiante 516;0
Estudiante 517;1
Estudiante 518;1
Estudiante 519;0
Estudiante 520;1
Estudiante 521;1
Estudiante 522;1
Estudiante 523;0
Estudiante 524;0
Estudiante 525;0
Estudiante 526;1
Estudiante 527;1
Estudiante 528;1
Estudiante 529;0
Estudiante 530;0
Estudiante 531;0
Estudiante 532;1
Estudiante 533;1
Estudiante 534;0
Estudiante 535;0
Estudiante 536;1
Estudiante 537;1
Estudiante 538;0
Estudiante 539;1
Estudiante 540;1
Estudiante 541;0
Estudiante 542;1
Estudiante 543;0
Estudiante 544;1
Estudiante 545;0
Estudiante 546;1
Estudiante 547;0
Estudiante 548;1
Estudiante 549;1
Estudiante 550;1
Estudiante 551;1
Estudiante 552;0
Estudiante 553;1
Estudiante 554;0
Estudiante 555;1
Estudiante 556;0
Estudiante 557;0
Estudiante 558;1
Estudiante 559;1
Estudiante 560;1
Estudiante 561;0
Estudiante 562;0
Estudiante 563;0
Estudiante 564;0
Estudiante 565;1
Estudiante 566;1
Estudiante 567;0
Estudiante 568;0
Estudiante 569;1
Estudiante 570;0
Estudiante 571;0
Estudiante 572;0
Estudiante 573;0
Estudiante 574;0
Estudiante 575;0
Estudiante 576;1
Estudiante 577;0
Estudiante 578;0
Estudiante 579;0
Estudiante 580;1
Estudiante 581;0
Estudiante 582;0
Estudiante 583;1
Estudiante 584;0
Estudiante 585;0
Estudiante 586;0
Estudiante 587;1
Estudiante 588;0
Estudiante 589;1
Estudiante 590;0
Estudiante 591;0
Estudiante 592;1
Estudiante 593;1
Estudiante 594;0
Estudiante 595;1
Estudiante 596;0
Estudiante 597;1
Estudiante 598;1
Estudiante 599;0
Estudiante 600;0
Estudiante 601;0
Estudiante 602;0
Estudiante 603;1
Estudiante 604;0
Estudiante 605;0
Estudiante 606;0
Estudiante 607;1
Estudiante 608;1
Estudiante 609;1
Estudiante 610;0
Estudiante 611;1
Estudiante 612;0
Estudiante 613;0
Estudiante 614;1
Estudiante 615;0
Estudiante 616;1
Estudiante 617;0
Estudiante 618;0
Estudiante 619;0
Estudiante 620;1
Estudiante 621;0
Estudiante 622;0
Estudiante 623;1
Estudiante 624;0
Estudiante 625;0
Estudiante 626;0
Estudiante 627;0
Estudiante 628;0
Estudiante 629;0
Estudiante 630;1
Estudiante 631;0
Estudiante 632;1
Estudiante 633;0
Estudiante 634;0
Estudiante 635;0
Estudiante 636;1
Estudiante 637;0
Estudiante 638;1
Estudiante 639;0
Estudiante 640;0
Estudiante 641;0
Estudiante 642;0
Estudiante 643;1
Estudiante 644;0
Estudiante 645;0
Estudiante 646;0
Estudiante 647;0
Estudiante 648;1
Estudiante 649;0
Estudiante 650;1
Estudiante 651;1
Estudiante 652;1
Estudiante 653;1
Estudiante 654;1
Estudiante 655;1
Estudiante 656;0
Estudiante 657;0
Estudiante 658;1
Estudiante 659;0
Estudiante 660;0
Estudiante 661;0
Estudiante 662;0
Estudiante 663;1
Estudiante 664;0
Estudiante 665;0
Estudiante 666;0
Estudiante 667;0
Estudiante 668;1
Estudiante 669;0
Estudiante 670;0
Estudiante 671;0
Estudiante 672;0
Estudiante 673;0
Estudiante 674;0
Estudiante 675;0
Estudiante 676;0
Estudiante 677;1
Estudiante 678;0
Estudiante 679;0
Estudiante 680;0
Estudiante 681;0
Estudiante 682;1
Estudiante 683;0
Estudiante 684;0
Estudiante 685;0
Estudiante 686;0
Estudiante 687;1
Estudiante 688;0
Estudiante 689;0
Estudiante 690;1
Estudiante 691;0
Estudiante 692;0
Estudiante 693;0
Estudiante 694;0
Estudiante 695;1
Estudiante 696;0
Estudiante 697;1
Estudiante 698;0
Estudiante 699;0
Estudiante 700;0
Estudiante 701;0
Estudiante 702;1
Estudiante 703;0
Estudiante 704;1
Estudiante 705;0
Estudiante 706;0
Estudiante 707;1
Estudiante 708;1
Estudiante 709;0
Estudiante 710;0
Estudiante 711;0
Estudiante 712;1
Estudiante 713;0
Estudiante 714;1
Estudiante 715;1
Estudiante 716;1
Estudiante 717;1
Estudiante 718;0
Estudiante 719;0
Estudiante 720;1
Estudiante 721;0
Estudiante 722;0
Estudiante 723;1
Estudiante 724;1
Estudiante 725;0
Estudiante 726;1
Estudiante 727;0
Estudiante 728;0
Estudiante 729;0
Estudiante 730;1
Estudiante 731;0
Estudiante 732;0
Estudiante 733;0
Estudiante 734;1
Estudiante 735;1
Estudiante 736;0
Estudiante 737;1
Estudiante 738;0
Estudiante 739;1
Estudiante 740;0
Estudiante 741;0
Estudiante 742;1
Estudiante 743;0
Estudiante 744;0
Estudiante 745;1
Estudiante 746;0
Estudiante 747;0
Estudiante 748;0
Estudiante 749;1
Estudiante 750;1
Estudiante 751;0
Estudiante 752;0
Estudiante 753;1
Estudiante 754;1
Estudiante 755;0
Estudiante 756;0
Estudiante 757;1
Estudiante 758;1
Estudiante 759;1
Estudiante 760;0
Estudiante 761;0
Estudiante 762;0
Estudiante 763;1
Estudiante 764;0
Estudiante 765;1
Estudiante 766;0
Estudiante 767;0
Estudiante 768;1
Estudiante 769;0
Estudiante 770;1
Estudiante 771;1
Estudiante 772;0
Estudiante 773;0
Estudiante 774;0
Estudiante 775;0
Estudiante 776;0
Estudiante 777;0
Estudiante 778;0
Estudiante 779;0
Estudiante 780;0
Estudiante 781;0
Estudiante 782;0
Estudiante 783;0
Estudiante 784;0
Estudiante 785;0
Estudiante 786;0
Estudiante 787;0
Estudiante 788;1
Estudiante 789;1
Estudiante 790;1
Estudiante 791;0
Estudiante 792;1
Estudiante 793;1
Estudiante 794;0
Estudiante 795;1
Estudiante 796;1
Estudiante 797;1
Estudiante 798;0
Estudiante 799;1
Estudiante 800;1
Estudiante 801;0
Estudiante 802;0
Estudiante 803;0
Estudiante 804;0
Estudiante 805;1
Estudiante 806;0
Estudiante 807;0
Estudiante 808;0
Estudiante 809;0
Estudiante 810;1
Estudiante 811;0
Estudiante 812;1
Estudiante 813;0
Estudiante 814;0
Estudiante 815;0
Estudiante 816;0
Estudiante 817;0
Estudiante 818;0
Estudiante 819;0
Estudiante 820;1
Estudiante 821;0
Estudiante 822;0
Estudiante 823;0
Estudiante 824;0
Estudiante 825;1
Estudiante 826;1
Estudiante 827;1
Estudiante 828;1
Estudiante 829;0
Estudiante 830;1
Estudiante 831;0
Estudiante 832;0
Estudiante 833;1
Estudiante 834;0
Estudiante 835;0
Estudiante 836;0
Estudiante 837;0
Estudiante 838;0
Estudiante 839;0
Estudiante 840;0
Estudiante 841;0
Estudiante 842;1
Estudiante 843;0
Estudiante 844;1
Estudiante 845;0
Estudiante 846;0
Estudiante 847;1
Estudiante 848;1
Estudiante 849;0
Estudiante 850;1
Estudiante 851;0
Estudiante 852;1
Estudiante 853;1
Estudiante 854;0
Estudiante 855;1
Estudiante 856;0
Estudiante 857;1
Estudiante 858;1
Estudiante 859;0
Estudiante 860;0
Estudiante 861;0
Estudiante 862;1
Estudiante 863;1
Estudiante 864;0
Estudiante 865;1
Estudiante 866;0
Estudiante 867;0
Estudiante 868;1
Estudiante 869;1
Estudiante 870;0
Estudiante 871;0
Estudiante 872;1
Estudiante 873;1
Estudiante 874;1
Estudiante 875;1
Estudiante 876;1
Estudiante 877;0
Estudiante 878;0
Estudiante 879;0
Estudiante 880;0
Estudiante 881;1
Estudiante 882;0
Estudiante 883;0
Estudiante 884;1
Estudiante 885;1
Estudiante 886;0
Estudiante 887;0
Estudiante 888;0
Estudiante 889;0
Estudiante 890;1
Estudiante 891;0
Estudiante 892;0
Estudiante 893;0
Estudiante 894;0
Estudiante 895;0
Estudiante 896;0
Estudiante 897;0
Estudiante 898;0
Estudiante 899;0
Estudiante 900;0
Estudiante 901;1
Estudiante 902;1
Estudiante 903;0
Estudiante 904;0
Estudiante 905;1
Estudiante 906;1
Estudiante 907;0
Estudiante 908;0
Estudiante 909;0
Estudiante 910;0
Estudiante 911;0
Estudiante 912;0
Estudiante 913;1
Estudiante 914;0
Estudiante 915;1
Estudiante 916;1
Estudiante 917;0
Estudiante 918;1
Estudiante 919;1
Estudiante 920;1
Estudiante 921;0
Estudiante 922;0
Estudiante 923;1
Estudiante 924;0
Estudiante 925;1
Estudiante 926;1
Estudiante 927;0
Estudiante 928;0
Estudiante 929;0
Estudiante 930;0
Estudiante 931;1
Estudiante 932;0
Estudiante 933;0
Estudiante 934;0
Estudiante 935;1
Estudiante 936;0
Estudiante 937;0
Estudiante 938;0
Estudiante 939;0
Estudiante 940;1
Estudiante 941;1
Estudiante 942;1
Estudiante 943;0
Estudiante 944;0
Estudiante 945;1
Estudiante 946;0
Estudiante 947;0
Estudiante 948;1
Estudiante 949;0
Estudiante 950;1
Estudiante 951;1
Estudiante 952;0
Estudiante 953;0
Estudiante 954;0
Estudiante 955;0
Estudiante 956;0
Estudiante 957;0
Estudiante 958;0
Estudiante 959;0
Estudiante 960;1
Estudiante 961;1
Estudiante 962;0
Estudiante 963;0
Estudiante 964;0
Estudiante 965;0
Estudiante 966;0
Estudiante 967;0
Estudiante 968;1
Estudiante 969;0
Estudiante 970;0
Estudiante 971;0
Estudiante 972;1
Estudiante 973;1
Estudiante 974;1
Estudiante 975;1
Estudiante 976;0
Estudiante 977;0
Estudiante 978;0
Estudiante 979;0
Estudiante 980;0
Estudiante 981;0
Estudiante 982;1
Estudiante 983;1
Estudiante 984;0
Estudiante 985;0
Estudiante 986;0
Estudiante 987;1
Estudiante 988;1
Estudiante 989;0
Estudiante 990;0
Estudiante 991;1
Estudiante 992;1
Estudiante 993;0
Estudiante 994;0
Estudiante 995;0
Estudiante 996;0
Estudiante 997;0
Estudiante 998;1
Estudiante 999;0
Estudiante 1000;0
Estudiante 1001;0
Estudiante 1002;1
Estudiante 1003;0
Estudiante 1004;0
Estudiante 1005;1
Estudiante 1006;0
Estudiante 1007;1
Estudiante 1008;1
Estudiante 1009;0
Estudiante 1010;0
Estudiante 1011;0
Estudiante 1012;0
Estudiante 1013;0
Estudiante 1014;0
Estudiante 1015;0
Estudiante 1016;1
Estudiante 1017;0
Estudiante 1018;0
Estudiante 1019;0
Estudiante 1020;1
Estudiante 1021;0
Estudiante 1022;1
Estudiante 1023;1
Estudiante 1024;1
Estudiante 1025;0
Estudiante 1026;1
Estudiante 1027;1
Estudiante 1028;1
Estudiante 1029;0
Estudiante 1030;1
Estudiante 1031;1
Estudiante 1032;0
Estudiante 1033;1
Estudiante 1034;0
Estudiante 1035;0
Estudiante 1036;1
Estudiante 1037;0
Estudiante 1038;1
Estudiante 1039;1
Estudiante 1040;0
Estudiante 1041;0
Estudiante 1042;1
Estudiante 1043;0
Estudiante 1044;1
Estudiante 1045;0
Estudiante 1046;1
Estudiante 1047;1
Estudiante 1048;1
Estudiante 1049;1
Estudiante 1050;1
Estudiante 1051;1
Estudiante 1052;1
Estudiante 1053;1
Estudiante 1054;0
Estudiante 1055;1
Estudiante 1056;0
Estudiante 1057;0
Estudiante 1058;1
Estudiante 1059;1
Estudiante 1060;0
Estudiante 1061;0
Estudiante 1062;0
Estudiante 1063;0
Estudiante 1064;0
Estudiante 1065;1
Estudiante 1066;0
Estudiante 1067;0
Estudiante 1068;0
Estudiante 1069;0
Estudiante 1070;0
Estudiante 1071;0
Estudiante 1072;0
Estudiante 1073;1
Estudiante 1074;1
Estudiante 1075;1
Estudiante 1076;0
Estudiante 1077;0
Estudiante 1078;1
Estudiante 1079;1
Estudiante 1080;0
Estudiante 1081;0
Estudiante 1082;0
Estudiante 1083;1
Estudiante 1084;0
Estudiante 1085;1
Estudiante 1086;1
Estudiante 1087;0
Estudiante 1088;0
Estudiante 1089;0
Estudiante 1090;1
Estudiante 1091;0
Estudiante 1092;1
Estudiante 1093;1
Estudiante 1094;0
Estudiante 1095;0
Estudiante 1096;1
Estudiante 1097;1
Estudiante 1098;1
Estudiante 1099;1
Estudiante 1100;1
Estudiante 1101;0
Estudiante 1102;0
Estudiante 1103;0
Estudiante 1104;0
Estudiante 1105;0
Estudiante 1106;1
Estudiante 1107;0
Estudiante 1108;1
Estudiante 1109;0
Estudiante 1110;0
Estudiante 1111;0
Estudiante 1112;1
Estudiante 1113;1
Estudiante 1114;0
Estudiante 1115;0
Estudiante 1116;1
Estudiante 1117;1
Estudiante 1118;1
Estudiante 1119;0
Estudiante 1120;1
Estudiante 1121;1
Estudiante 1122;1
Estudiante 1123;1
Estudiante 1124;0
Estudiante 1125;0
Estudiante 1126;0
Estudiante 1127;0
Estudiante 1128;0
Estudiante 1129;1
Estudiante 1130;1
Estudiante 1131;0
Estudiante 1132;0
Estudiante 1133;1
Estudiante 1134;0
Estudiante 1135;0
Estudiante 1136;0
Estudiante 1137;0
Estudiante 1138;0
Estudiante 1139;0
Estudiante 1140;0
Estudiante 1141;0
Estudiante 1142;0
Estudiante 1143;0
Estudiante 1144;1
Estudiante 1145;1
Estudiante 1146;0
Estudiante 1147;0
Estudiante 1148;0
Estudiante 1149;0
Estudiante 1150;0
Estudiante 1151;1
Estudiante 1152;1
Estudiante 1153;0
Estudiante 1154;0
Estudiante 1155;0
Estudiante 1156;1
Estudiante 1157;1
Estudiante 1158;1
Estudiante 1159;1
Estudiante 1160;1
Estudiante 1161;1
Estudiante 1162;1
Estudiante 1163;0
Estudiante 1164;0
Estudiante 1165;0
Estudiante 1166;0
Estudiante 1167;0
Estudiante 1168;1
Estudiante 1169;0
Estudiante 1170;1
Estudiante 1171;1
Estudiante 1172;1
Estudiante 1173;0
Estudiante 1174;1
Estudiante 1175;0
Estudiante 1176;1
Estudiante 1177;0
Estudiante 1178;0
Estudiante 1179;0
Estudiante 1180;0
Estudiante 1181;0
Estudiante 1182;1
Estudiante 1183;1
Estudiante 1184;1
Estudiante 1185;1
Estudiante 1186;0
Estudiante 1187;1
Estudiante 1188;0
Estudiante 1189;1
Estudiante 1190;1
Estudiante 1191;0
Estudiante 1192;0
Estudiante 1193;0
Estudiante 1194;0
Estudiante 1195;0
Estudiante 1196;0
Estudiante 1197;1
Estudiante 1198;0
Estudiante 1199;0
Estudiante 1200;1
Estudiante 1201;0
Estudiante 1202;1
Estudiante 1203;1
Estudiante 1204;0
Estudiante 1205;1
Estudiante 1206;0
Estudiante 1207;0
Estudiante 1208;0
Estudiante 1209;0
Estudiante 1210;0
Estudiante 1211;1
Estudiante 1212;0
Estudiante 1213;1
Estudiante 1214;1
Estudiante 1215;0
Estudiante 1216;1
Estudiante 1217;0
Estudiante 1218;0
Estudiante 1219;0
Estudiante 1220;0
Estudiante 1221;0
Estudiante 1222;1
Estudiante 1223;1
Estudiante 1224;0
Estudiante 1225;0
Estudiante 1226;0
Estudiante 1227;0
Estudiante 1228;0
Estudiante 1229;0
Estudiante 1230;1
Estudiante 1231;0
Estudiante 1232;0
Estudiante 1233;0
Estudiante 1234;0
Estudiante 1235;0
Estudiante 1236;0
Estudiante 1237;0
Estudiante 1238;1
Estudiante 1239;0
Estudiante 1240;0
Estudiante 1241;0
Estudiante 1242;0
Estudiante 1243;1
Estudiante 1244;1
Estudiante 1245;1
Estudiante 1246;0
Estudiante 1247;0
Estudiante 1248;0
Estudiante 1249;0
Estudiante 1250;0
Estudiante 1251;0
Estudiante 1252;0
Estudiante 1253;0
Estudiante 1254;0
Estudiante 1255;0
Estudiante 1256;1
Estudiante 1257;0
Estudiante 1258;1
Estudiante 1259;0
Estudiante 1260;1
Estudiante 1261;0
Estudiante 1262;0
Estudiante 1263;1
Estudiante 1264;0
Estudiante 1265;0
Estudiante 1266;1
Estudiante 1267;0
Estudiante 1268;1
Estudiante 1269;0
Estudiante 1270;1
Estudiante 1271;0
Estudiante 1272;1
Estudiante 1273;1
Estudiante 1274;1
Estudiante 1275;0
Estudiante 1276;0
Estudiante 1277;0
Estudiante 1278;1
Estudiante 1279;0
Estudiante 1280;0
Estudiante 1281;0
Estudiante 1282;1
Estudiante 1283;1
Estudiante 1284;0
Estudiante 1285;0
Estudiante 1286;0
Estudiante 1287;0
Estudiante 1288;0
Estudiante 1289;1
Estudiante 1290;1
Estudiante 1291;1
Estudiante 1292;0
Estudiante 1293;1
Estudiante 1294;0
Estudiante 1295;1
Estudiante 1296;1
Estudiante 1297;1
Estudiante 1298;1
Estudiante 1299;1
Estudiante 1300;1
Estudiante 1301;1
Estudiante 1302;0
Estudiante 1303;1
Estudiante 1304;1
Estudiante 1305;0
Estudiante 1306;0
Estudiante 1307;0
Estudiante 1308;0
Estudiante 1309;0
Estudiante 1310;1
Estudiante 1311;0
Estudiante 1312;0
Estudiante 1313;1
Estudiante 1314;0
Estudiante 1315;0
Estudiante 1316;1
Estudiante 1317;0
Estudiante 1318;0
Estudiante 1319;0
Estudiante 1320;1
Estudiante 1321;1
Estudiante 1322;1
Estudiante 1323;1
Estudiante 1324;0
Estudiante 1325;1
Estudiante 1326;1
Estudiante 1327;1
Estudiante 1328;1
Estudiante 1329;1
Estudiante 1330;0
Estudiante 1331;1
Estudiante 1332;0
Estudiante 1333;0
Estudiante 1334;0
Estudiante 1335;1
Estudiante 1336;0
Estudiante 1337;1
Estudiante 1338;1
Estudiante 1339;1
Estudiante 1340;0
Estudiante 1341;0
Estudiante 1342;1
Estudiante 1343;0
Estudiante 1344;1
Estudiante 1345;1
Estudiante 1346;0
Estudiante 1347;0
Estudiante 1348;1
Estudiante 1349;1
Estudiante 1350;0
Estudiante 1351;0
Estudiante 1352;0
Estudiante 1353;1
Estudiante 1354;0
Estudiante 1355;0
Estudiante 1356;1
Estudiante 1357;0
Estudiante 1358;0
Estudiante 1359;1
Estudiante 1360;0
Estudiante 1361;0
Estudiante 1362;1
Estudiante 1363;0
Estudiante 1364;0
Estudiante 1365;0
Estudiante 1366;0
Estudiante 1367;0
Estudiante 1368;0
Estudiante 1369;1
Estudiante 1370;0
Estudiante 1371;0
Estudiante 1372;0
Estudiante 1373;1
Estudiante 1374;1
Estudiante 1375;0
Estudiante 1376;0
Estudiante 1377;1
Estudiante 1378;0
Estudiante 1379;1
Estudiante 1380;0
Estudiante 1381;1
Estudiante 1382;0
Estudiante 1383;0
Estudiante 1384;1
Estudiante 1385;0
Estudiante 1386;0
Estudiante 1387;0
Estudiante 1388;0
Estudiante 1389;1
Estudiante 1390;1
Estudiante 1391;1
Estudiante 1392;0
Estudiante 1393;0
Estudiante 1394;0
Estudiante 1395;1
Estudiante 1396;0
Estudiante 1397;1
Estudiante 1398;0
Estudiante 1399;0
Estudiante 1400;0
Estudiante 1401;0
Estudiante 1402;1
Estudiante 1403;1
Estudiante 1404;1
Estudiante 1405;0
Estudiante 1406;1
Estudiante 1407;1
Estudiante 1408;0
Estudiante 1409;0
Estudiante 1410;1
Estudiante 1411;0
Estudiante 1412;0
Estudiante 1413;0
Estudiante 1414;0
Estudiante 1415;0
Estudiante 1416;0
Estudiante 1417;1
Estudiante 1418;0
Estudiante 1419;1
Estudiante 1420;1
Estudiante 1421;1
Estudiante 1422;0
Estudiante 1423;1
Estudiante 1424;0
Estudiante 1425;1
Estudiante 1426;0
Estudiante 1427;1
Estudiante 1428;0
Estudiante 1429;0
Estudiante 1430;0
Estudiante 1431;0
Estudiante 1432;0
Estudiante 1433;0
Estudiante 1434;0
Estudiante 1435;1
Estudiante 1436;1
Estudiante 1437;0
Estudiante 1438;1
Estudiante 1439;0
Estudiante 1440;1
Estudiante 1441;0
Estudiante 1442;1
Estudiante 1443;1
Estudiante 1444;1
Estudiante 1445;1
Estudiante 1446;0
Estudiante 1447;0
Estudiante 1448;0
Estudiante 1449;0
Estudiante 1450;0
Estudiante 1451;0
Estudiante 1452;0
Estudiante 1453;0
Estudiante 1454;0
Estudiante 1455;0
Estudiante 1456;0
Estudiante 1457;1
Estudiante 1458;0
Estudiante 1459;0
Estudiante 1460;0
Estudiante 1461;0
Estudiante 1462;0
Estudiante 1463;0
Estudiante 1464;0
Estudiante 1465;0
Estudiante 1466;0
Estudiante 1467;0
Estudiante 1468;0
Estudiante 1469;0
Estudiante 1470;0
Estudiante 1471;1
Estudiante 1472;0
Estudiante 1473;0
Estudiante 1474;0
Estudiante 1475;1
Estudiante 1476;0
Estudiante 1477;0
Estudiante 1478;1
Estudiante 1479;1
Estudiante 1480;1
Estudiante 1481;0
Estudiante 1482;0
Estudiante 1483;0
Estudiante 1484;0
Estudiante 1485;1
Estudiante 1486;0
Estudiante 1487;1
Estudiante 1488;0
Estudiante 1489;1
Estudiante 1490;1
Estudiante 1491;1
Estudiante 1492;0
Estudiante 1493;0
Estudiante 1494;1
Estudiante 1495;0
Estudiante 1496;0
Estudiante 1497;0
Estudiante 1498;1
Estudiante 1499;0
Estudiante 1500;0
Estudiante 1501;1
Estudiante 1502;1
Estudiante 1503;1
Estudiante 1504;1
Estudiante 1505;0
Estudiante 1506;0
Estudiante 1507;1
Estudiante 1508;1
Estudiante 1509;1
Estudiante 1510;0
Estudiante 1511;0
Estudiante 1512;0
Estudiante 1513;0
Estudiante 1514;0
Estudiante 1515;0
Estudiante 1516;1
Estudiante 1517;0
Estudiante 1518;1
Estudiante 1519;0
Estudiante 1520;0
Estudiante 1521;0
Estudiante 1522;1
Estudiante 1523;0
Estudiante 1524;0
Estudiante 1525;0
Estudiante 1526;1
Estudiante 1527;0
Estudiante 1528;0
Estudiante 1529;1
Estudiante 1530;0
Estudiante 1531;1
Estudiante 1532;0
Estudiante 1533;0
Estudiante 1534;0
Estudiante 1535;1
Estudiante 1536;0
Estudiante 1537;1
Estudiante 1538;0
Estudiante 1539;0
Estudiante 1540;0
Estudiante 1541;0
Estudiante 1542;0
Estudiante 1543;0
Estudiante 1544;0
Estudiante 1545;1
Estudiante 1546;1
Estudiante 1547;0
Estudiante 1548;0
Estudiante 1549;0
Estudiante 1550;1
Estudiante 1551;1
Estudiante 1552;1
Estudiante 1553;1
Estudiante 1554;1
Estudiante 1555;1
Estudiante 1556;1
Estudiante 1557;0
Estudiante 1558;0
Estudiante 1559;0
Estudiante 1560;0
Estudiante 1561;0
Estudiante 1562;1
Estudiante 1563;0
Estudiante 1564;0
Estudiante 1565;1
Estudiante 1566;0
Estudiante 1567;0
Estudiante 1568;0
Estudiante 1569;0
Estudiante 1570;0
Estudiante 1571;0
Estudiante 1572;1
Estudiante 1573;0
Estudiante 1574;0
Estudiante 1575;0
Estudiante 1576;0
Estudiante 1577;1
Estudiante 1578;0
Estudiante 1579;0
Estudiante 1580;1
Estudiante 1581;0
Estudiante 1582;0
Estudiante 1583;0
Estudiante 1584;1
Estudiante 1585;0
Estudiante 1586;1
Estudiante 1587;0
Estudiante 1588;0
Estudiante 1589;0
Estudiante 1590;0
Estudiante 1591;1
Estudiante 1592;0
Estudiante 1593;0
Estudiante 1594;1
Estudiante 1595;1
Estudiante 1596;0
Estudiante 1597;0
Estudiante 1598;0
Estudiante 1599;0
Estudiante 1600;0
Estudiante 1601;0
Estudiante 1602;0
Estudiante 1603;0
Estudiante 1604;0
Estudiante 1605;1
Estudiante 1606;1
Estudiante 1607;0
Estudiante 1608;0
Estudiante 1609;0
Estudiante 1610;0
Estudiante 1611;0
Estudiante 1612;1
Estudiante 1613;0
Estudiante 1614;0
Estudiante 1615;0
Estudiante 1616;1
Estudiante 1617;0
Estudiante 1618;0
Estudiante 1619;1
Estudiante 1620;0
Estudiante 1621;0
Estudiante 1622;0
Estudiante 1623;1
Estudiante 1624;0
Estudiante 1625;0
Estudiante 1626;1
Estudiante 1627;0
Estudiante 1628;1
Estudiante 1629;1
Estudiante 1630;0
Estudiante 1631;0
Estudiante 1632;1
Estudiante 1633;0
Estudiante 1634;0
Estudiante 1635;1
Estudiante 1636;0
Estudiante 1637;1
Estudiante 1638;1
Estudiante 1639;1
Estudiante 1640;0
Estudiante 1641;0
Estudiante 1642;0
Estudiante 1643;0
Estudiante 1644;0
Estudiante 1645;0
Estudiante 1646;1
Estudiante 1647;0
Estudiante 1648;0
Estudiante 1649;0
Estudiante 1650;0
Estudiante 1651;0
Estudiante 1652;0
Estudiante 1653;1
Estudiante 1654;0
Estudiante 1655;0
Estudiante 1656;0
Estudiante 1657;0
Estudiante 1658;1
Estudiante 1659;0
Estudiante 1660;0
Estudiante 1661;1
Estudiante 1662;1
Estudiante 1663;0
Estudiante 1664;0
Estudiante 1665;1
Estudiante 1666;1
Estudiante 1667;0
Estudiante 1668;1
Estudiante 1669;0
Estudiante 1670;1
Estudiante 1671;1
Estudiante 1672;1
Estudiante 1673;0
Estudiante 1674;1
Estudiante 1675;1
Estudiante 1676;1
Estudiante 1677;0
Estudiante 1678;0
Estudiante 1679;0
Estudiante 1680;1
Estudiante 1681;1
Estudiante 1682;1
Estudiante 1683;1
Estudiante 1684;1
Estudiante 1685;1
Estudiante 1686;1
Estudiante 1687;0
Estudiante 1688;0
Estudiante 1689;1
Estudiante 1690;0
Estudiante 1691;1
Estudiante 1692;1
Estudiante 1693;0
Estudiante 1694;0
Estudiante 1695;0
Estudiante 1696;1
Estudiante 1697;1
Estudiante 1698;0
Estudiante 1699;0
Estudiante 1700;0
Estudiante 1701;0
Estudiante 1702;1
Estudiante 1703;1
Estudiante 1704;1
Estudiante 1705;1
Estudiante 1706;1
Estudiante 1707;0
Estudiante 1708;1
Estudiante 1709;0
Estudiante 1710;1
Estudiante 1711;1
Estudiante 1712;1
Estudiante 1713;0
Estudiante 1714;1
Estudiante 1715;1
Estudiante 1716;0
Estudiante 1717;0
Estudiante 1718;1
Estudiante 1719;0
Estudiante 1720;0
Estudiante 1721;0
Estudiante 1722;0
Estudiante 1723;1
Estudiante 1724;0
Estudiante 1725;0
Estudiante 1726;0
Estudiante 1727;0
Estudiante 1728;0
Estudiante 1729;0
Estudiante 1730;1
Estudiante 1731;1
Estudiante 1732;0
Estudiante 1733;1
Estudiante 1734;1
Estudiante 1735;0
Estudiante 1736;1
Estudiante 1737;1
Estudiante 1738;0
Estudiante 1739;0
Estudiante 1740;0
Estudiante 1741;0
Estudiante 1742;0
Estudiante 1743;0
Estudiante 1744;1
Estudiante 1745;1
Estudiante 1746;0
Estudiante 1747;0
Estudiante 1748;0
Estudiante 1749;1
Estudiante 1750;0
Estudiante 1751;0
Estudiante 1752;1
Estudiante 1753;1
Estudiante 1754;0
Estudiante 1755;0
Estudiante 1756;1
Estudiante 1757;0
Estudiante 1758;1
Estudiante 1759;0
Estudiante 1760;1
Estudiante 1761;1
Estudiante 1762;0
Estudiante 1763;0
Estudiante 1764;0
Estudiante 1765;1
Estudiante 1766;0
Estudiante 1767;0
Estudiante 1768;1
Estudiante 1769;1
Estudiante 1770;0
Estudiante 1771;0
Estudiante 1772;0
Estudiante 1773;0
Estudiante 1774;1
Estudiante 1775;1
Estudiante 1776;0
Estudiante 1777;0
Estudiante 1778;1
Estudiante 1779;1
Estudiante 1780;1
Estudiante 1781;1
Estudiante 1782;0
Estudiante 1783;0
Estudiante 1784;1
Estudiante 1785;1
Estudiante 1786;0
Estudiante 1787;1
Estudiante 1788;1
Estudiante 1789;1
Estudiante 1790;1
Estudiante 1791;0
Estudiante 1792;1
Estudiante 1793;0
Estudiante 1794;1
Estudiante 1795;1
Estudiante 1796;1
Estudiante 1797;0
Estudiante 1798;1
Estudiante 1799;1
Estudiante 1800;0
Estudiante 1801;0
Estudiante 1802;0
Estudiante 1803;0
Estudiante 1804;0
Estudiante 1805;1
Estudiante 1806;0
Estudiante 1807;0
Estudiante 1808;1
Estudiante 1809;0
Estudiante 1810;0
Estudiante 1811;0
Estudiante 1812;0
Estudiante 1813;1
Estudiante 1814;0
Estudiante 1815;0
Estudiante 1816;1
Estudiante 1817;1
Estudiante 1818;0
Estudiante 1819;0
Estudiante 1820;1
Estudiante 1821;1
Estudiante 1822;0
Estudiante 1823;0
Estudiante 1824;0
Estudiante 1825;1
Estudiante 1826;0
Estudiante 1827;1
Estudiante 1828;0
Estudiante 1829;0
Estudiante 1830;0
Estudiante 1831;1
Estudiante 1832;0
Estudiante 1833;1
Estudiante 1834;0
Estudiante 1835;1
Estudiante 1836;1
Estudiante 1837;0
Estudiante 1838;1
Estudiante 1839;0
Estudiante 1840;1
Estudiante 1841;0
Estudiante 1842;0
Estudiante 1843;0
Estudiante 1844;0
Estudiante 1845;0
Estudiante 1846;0
Estudiante 1847;0
Estudiante 1848;1
Estudiante 1849;0
Estudiante 1850;0
Estudiante 1851;0
Estudiante 1852;1
Estudiante 1853;1
Estudiante 1854;0
Estudiante 1855;0
Estudiante 1856;1
Estudiante 1857;0
Estudiante 1858;0
Estudiante 1859;1
Estudiante 1860;1
Estudiante 1861;0
Estudiante 1862;1
Estudiante 1863;1
Estudiante 1864;0
Estudiante 1865;1
Estudiante 1866;0
Estudiante 1867;0
Estudiante 1868;1
Estudiante 1869;0
Estudiante 1870;0
Estudiante 1871;1
Estudiante 1872;0
Estudiante 1873;0
Estudiante 1874;1
Estudiante 1875;0
Estudiante 1876;1
Estudiante 1877;0
Estudiante 1878;0
Estudiante 1879;0
Estudiante 1880;0
Estudiante 1881;0
Estudiante 1882;0
Estudiante 1883;0
Estudiante 1884;0
Estudiante 1885;1
Estudiante 1886;1
Estudiante 1887;0
Estudiante 1888;0
Estudiante 1889;0
Estudiante 1890;1
Estudiante 1891;0
Estudiante 1892;0
Estudiante 1893;0
Estudiante 1894;0
Estudiante 1895;1
Estudiante 1896;0
Estudiante 1897;1
Estudiante 1898;1
Estudiante 1899;0
Estudiante 1900;0
Estudiante 1901;0
Estudiante 1902;0
Estudiante 1903;0
Estudiante 1904;0
Estudiante 1905;0
Estudiante 1906;1
Estudiante 1907;0
Estudiante 1908;0
Estudiante 1909;0
Estudiante 1910;1
Estudiante 1911;0
Estudiante 1912;0
Estudiante 1913;1
Estudiante 1914;0
Estudiante 1915;1
Estudiante 1916;1
Estudiante 1917;0
Estudiante 1918;0
Estudiante 1919;0
Estudiante 1920;1
Estudiante 1921;0
Estudiante 1922;0
Estudiante 1923;0
Estudiante 1924;0
Estudiante 1925;0
Estudiante 1926;1
Estudiante 1927;1
Estudiante 1928;0
Estudiante 1929;0
Estudiante 1930;1
Estudiante 1931;1
Estudiante 1932;0
Estudiante 1933;0
Estudiante 1934;0
Estudiante 1935;0
Estudiante 1936;0
Estudiante 1937;1
Estudiante 1938;0
Estudiante 1939;0
Estudiante 1940;0
Estudiante 1941;1
Estudiante 1942;0
Estudiante 1943;0
Estudiante 1944;0
Estudiante 1945;0
Estudiante 1946;0
Estudiante 1947;0
Estudiante 1948;1
Estudiante 1949;0
Estudiante 1950;0
Estudiante 1951;0
Estudiante 1952;0
Estudiante 1953;0
Estudiante 1954;0
Estudiante 1955;0
Estudiante 1956;0
Estudiante 1957;1
Estudiante 1958;0
Estudiante 1959;0
Estudiante 1960;0
Estudiante 1961;0
Estudiante 1962;1
Estudiante 1963;1
Estudiante 1964;1
Estudiante 1965;0
Estudiante 1966;0
Estudiante 1967;1
Estudiante 1968;1
Estudiante 1969;1
Estudiante 1970;1
Estudiante 1971;0
Estudiante 1972;0
Estudiante 1973;1
Estudiante 1974;1
Estudiante 1975;1
Estudiante 1976;0
Estudiante 1977;1
Estudiante 1978;1
Estudiante 1979;1
Estudiante 1980;1
Estudiante 1981;1
Estudiante 1982;1
Estudiante 1983;1
Estudiante 1984;0
Estudiante 1985;0
Estudiante 1986;1
Estudiante 1987;0
Estudiante 1988;1
Estudiante 1989;1
Estudiante 1990;0
Estudiante 1991;0
Estudiante 1992;0
Estudiante 1993;0
Estudiante 1994;1
Estudiante 1995;0
Estudiante 1996;1
Estudiante 1997;0
Estudiante 1998;1
Estudiante 1999;0
Estudiante 2000;0
Estudiante 2001;0
Estudiante 2002;0
Estudiante 2003;0
Estudiante 2004;0
Estudiante 2005;0
Estudiante 2006;1
Estudiante 2007;0
Estudiante 2008;0
Estudiante 2009;0
Estudiante 2010;0
Estudiante 2011;0
Estudiante 2012;0
Estudiante 2013;1
Estudiante 2014;0
Estudiante 2015;0
Estudiante 2016;0
Estudiante 2017;1
Estudiante 2018;1
Estudiante 2019;0
Estudiante 2020;0
Estudiante 2021;0
Estudiante 2022;1
Estudiante 2023;1
Estudiante 2024;0
Estudiante 2025;0
Estudiante 2026;0
Estudiante 2027;1
Estudiante 2028;0
Estudiante 2029;1
Estudiante 2030;0
Estudiante 2031;0
Estudiante 2032;0
Estudiante 2033;0
Estudiante 2034;0
Estudiante 2035;0
Estudiante 2036;0
Estudiante 2037;1
Estudiante 2038;1
Estudiante 2039;0
Estudiante 2040;0
Estudiante 2041;0
Estudiante 2042;0
Estudiante 2043;1
Estudiante 2044;0
Estudiante 2045;0
Estudiante 2046;0
Estudiante 2047;0
Estudiante 2048;0
Estudiante 2049;0
Estudiante 2050;1
Estudiante 2051;1
Estudiante 2052;1
Estudiante 2053;0
Estudiante 2054;1
Estudiante 2055;1
Estudiante 2056;1
Estudiante 2057;0
Estudiante 2058;1
Estudiante 2059;0
Estudiante 2060;0
Estudiante 2061;0
Estudiante 2062;0
Estudiante 2063;0
Estudiante 2064;0
Estudiante 2065;0
Estudiante 2066;0
Estudiante 2067;0
Estudiante 2068;1
Estudiante 2069;1
Estudiante 2070;0
Estudiante 2071;1
Estudiante 2072;0
Estudiante 2073;1
Estudiante 2074;0
Estudiante 2075;0
Estudiante 2076;0
Estudiante 2077;0
Estudiante 2078;0
Estudiante 2079;0
Estudiante 2080;0
Estudiante 2081;0
Estudiante 2082;1
Estudiante 2083;0
Estudiante 2084;0
Estudiante 2085;0
Estudiante 2086;1
Estudiante 2087;0
Estudiante 2088;1
Estudiante 2089;1
Estudiante 2090;0
Estudiante 2091;1
Estudiante 2092;0
Estudiante 2093;0
Estudiante 2094;0
Estudiante 2095;0
Estudiante 2096;0
Estudiante 2097;1
Estudiante 2098;0
Estudiante 2099;1
Estudiante 2100;0
Estudiante 2101;0
Estudiante 2102;1
Estudiante 2103;0
Estudiante 2104;0
Estudiante 2105;1
Estudiante 2106;0
Estudiante 2107;0
Estudiante 2108;1
Estudiante 2109;0
Estudiante 2110;0
Estudiante 2111;0
Estudiante 2112;1
Estudiante 2113;0
Estudiante 2114;0
Estudiante 2115;1
Estudiante 2116;0
Estudiante 2117;1
Estudiante 2118;0
Estudiante 2119;1
Estudiante 2120;1
Estudiante 2121;0
Estudiante 2122;1
Estudiante 2123;0
Estudiante 2124;0
Estudiante 2125;0
Estudiante 2126;0
Estudiante 2127;0
Estudiante 2128;1
Estudiante 2129;0
Estudiante 2130;0
Estudiante 2131;0
Estudiante 2132;1
Estudiante 2133;0
Estudiante 2134;0
Estudiante 2135;1
Estudiante 2136;1
Estudiante 2137;0
Estudiante 2138;0
Estudiante 2139;0
Estudiante 2140;0
Estudiante 2141;1
Estudiante 2142;0
Estudiante 2143;0
Estudiante 2144;1
Estudiante 2145;1
Estudiante 2146;1
Estudiante 2147;1
Estudiante 2148;0
Estudiante 2149;1
Estudiante 2150;1
Estudiante 2151;0
Estudiante 2152;0
Estudiante 2153;1
Estudiante 2154;1
Estudiante 2155;0
Estudiante 2156;1
Estudiante 2157;1
Estudiante 2158;1
Estudiante 2159;0
Estudiante 2160;0
Estudiante 2161;0
Estudiante 2162;0
Estudiante 2163;0
Estudiante 2164;1
Estudiante 2165;0
Estudiante 2166;0
Estudiante 2167;0
Estudiante 2168;1
Estudiante 2169;0
Estudiante 2170;0
Estudiante 2171;0
Estudiante 2172;1
Estudiante 2173;0
Estudiante 2174;0
Estudiante 2175;1
Estudiante 2176;1
Estudiante 2177;1
Estudiante 2178;0
Estudiante 2179;1
Estudiante 2180;0
Estudiante 2181;0
Estudiante 2182;0
Estudiante 2183;1
Estudiante 2184;0
Estudiante 2185;1
Estudiante 2186;0
Estudiante 2187;1
Estudiante 2188;0
Estudiante 2189;1
Estudiante 2190;0
Estudiante 2191;1
Estudiante 2192;1
Estudiante 2193;1
Estudiante 2194;1
Estudiante 2195;1
Estudiante 2196;0
Estudiante 2197;0
Estudiante 2198;1
Estudiante 2199;1
Estudiante 2200;0
Estudiante 2201;1
Estudiante 2202;1
Estudiante 2203;1
Estudiante 2204;0
Estudiante 2205;1
Estudiante 2206;1
Estudiante 2207;1
Estudiante 2208;0
Estudiante 2209;0
Estudiante 2210;0
Estudiante 2211;0
Estudiante 2212;0
Estudiante 2213;0
Estudiante 2214;0
Estudiante 2215;0
Estudiante 2216;1
Estudiante 2217;0
Estudiante 2218;0
Estudiante 2219;1
Estudiante 2220;1
Estudiante 2221;1
Estudiante 2222;1
Estudiante 2223;0
Estudiante 2224;1
Estudiante 2225;0
Estudiante 2226;1
Estudiante 2227;1
Estudiante 2228;1
Estudiante 2229;0
Estudiante 2230;1
Estudiante 2231;0
Estudiante 2232;0
Estudiante 2233;0
Estudiante 2234;1
Estudiante 2235;0
Estudiante 2236;0
Estudiante 2237;1
Estudiante 2238;1
Estudiante 2239;0
Estudiante 2240;0
Estudiante 2241;1
Estudiante 2242;0
Estudiante 2243;0
Estudiante 2244;1
Estudiante 2245;0
Estudiante 2246;0
Estudiante 2247;1
Estudiante 2248;0
Estudiante 2249;1
Estudiante 2250;1
Estudiante 2251;0
Estudiante 2252;0
Estudiante 2253;1
Estudiante 2254;0
Estudiante 2255;0
Estudiante 2256;0
Estudiante 2257;1
Estudiante 2258;0
Estudiante 2259;0
Estudiante 2260;0
Estudiante 2261;0
Estudiante 2262;1
Estudiante 2263;1
Estudiante 2264;1
Estudiante 2265;0
Estudiante 2266;0
Estudiante 2267;0
Estudiante 2268;0
Estudiante 2269;1
Estudiante 2270;1
Estudiante 2271;0
Estudiante 2272;0
Estudiante 2273;1
Estudiante 2274;0
Estudiante 2275;1
Estudiante 2276;0
Estudiante 2277;0
Estudiante 2278;0
Estudiante 2279;0
Estudiante 2280;1
Estudiante 2281;0
Estudiante 2282;0
Estudiante 2283;0
Estudiante 2284;1
Estudiante 2285;1
Estudiante 2286;0
Estudiante 2287;1
Estudiante 2288;0
Estudiante 2289;0
Estudiante 2290;0
Estudiante 2291;0
Estudiante 2292;1
Estudiante 2293;0
Estudiante 2294;0
Estudiante 2295;0
Estudiante 2296;1
Estudiante 2297;1
Estudiante 2298;1
Estudiante 2299;0
Estudiante 2300;1
Estudiante 2301;1
Estudiante 2302;0
Estudiante 2303;1
Estudiante 2304;0
Estudiante 2305;0
Estudiante 2306;1
Estudiante 2307;0
Estudiante 2308;1
Estudiante 2309;1
Estudiante 2310;0
Estudiante 2311;0
Estudiante 2312;0
Estudiante 2313;0
Estudiante 2314;0
Estudiante 2315;0
Estudiante 2316;0
Estudiante 2317;0
Estudiante 2318;0
Estudiante 2319;1
Estudiante 2320;1
Estudiante 2321;1
Estudiante 2322;0
Estudiante 2323;0
Estudiante 2324;0
Estudiante 2325;0
Estudiante 2326;0
Estudiante 2327;0
Estudiante 2328;1
Estudiante 2329;1
Estudiante 2330;0
Estudiante 2331;1
Estudiante 2332;0
Estudiante 2333;1
Estudiante 2334;1
Estudiante 2335;0
Estudiante 2336;1
Estudiante 2337;1
Estudiante 2338;0
Estudiante 2339;1
Estudiante 2340;0
Estudiante 2341;0
Estudiante 2342;1
Estudiante 2343;0
Estudiante 2344;0
Estudiante 2345;0
Estudiante 2346;0
Estudiante 2347;0
Estudiante 2348;1
Estudiante 2349;0
Estudiante 2350;0
Estudiante 2351;1
Estudiante 2352;1
Estudiante 2353;0
Estudiante 2354;1
Estudiante 2355;0
Estudiante 2356;0
Estudiante 2357;1
Estudiante 2358;0
Estudiante 2359;0
Estudiante 2360;0
Estudiante 2361;0
Estudiante 2362;1
Estudiante 2363;0
Estudiante 2364;0
Estudiante 2365;0
Estudiante 2366;1
Estudiante 2367;0
Estudiante 2368;1
Estudiante 2369;0
Estudiante 2370;0
Estudiante 2371;1
Estudiante 2372;0
Estudiante 2373;1
Estudiante 2374;0
Estudiante 2375;1
Estudiante 2376;0
Estudiante 2377;0
Estudiante 2378;0
Estudiante 2379;0
Estudiante 2380;1
Estudiante 2381;0
Estudiante 2382;0
Estudiante 2383;0
Estudiante 2384;0
Estudiante 2385;0
Estudiante 2386;1
Estudiante 2387;1
Estudiante 2388;0
Estudiante 2389;1
Estudiante 2390;0
Estudiante 2391;1
Estudiante 2392;0
Estudiante 2393;0
Estudiante 2394;1
Estudiante 2395;1
Estudiante 2396;1
Estudiante 2397;0
Estudiante 2398;0
Estudiante 2399;0
Estudiante 2400;0
Estudiante 2401;0
Estudiante 2402;1
Estudiante 2403;1
Estudiante 2404;0
Estudiante 2405;1
Estudiante 2406;0
Estudiante 2407;0
Estudiante 2408;0
Estudiante 2409;1
Estudiante 2410;1
Estudiante 2411;1
Estudiante 2412;1
Estudiante 2413;1
Estudiante 2414;0
Estudiante 2415;0
Estudiante 2416;0
Estudiante 2417;0
Estudiante 2418;1
Estudiante 2419;0
Estudiante 2420;0
Estudiante 2421;0
Estudiante 2422;1
Estudiante 2423;1
Estudiante 2424;0
Estudiante 2425;0
Estudiante 2426;0
Estudiante 2427;0
Estudiante 2428;1
Estudiante 2429;0
Estudiante 2430;0
Estudiante 2431;0
Estudiante 2432;0
Estudiante 2433;0
Estudiante 2434;0
Estudiante 2435;0
Estudiante 2436;0
Estudiante 2437;0
Estudiante 2438;0
Estudiante 2439;0
Estudiante 2440;0
Estudiante 2441;1
Estudiante 2442;0
Estudiante 2443;0
Estudiante 2444;0
Estudiante 2445;0
Estudiante 2446;0
Estudiante 2447;0
Estudiante 2448;0
Estudiante 2449;0
Estudiante 2450;1
Estudiante 2451;0
Estudiante 2452;0
Estudiante 2453;1
Estudiante 2454;1
Estudiante 2455;0
Estudiante 2456;1
Estudiante 2457;1
Estudiante 2458;0
Estudiante 2459;1
Estudiante 2460;0
Estudiante 2461;0
Estudiante 2462;0
Estudiante 2463;0
Estudiante 2464;0
Estudiante 2465;1
Estudiante 2466;1
Estudiante 2467;1
Estudiante 2468;1
Estudiante 2469;0
Estudiante 2470;1
Estudiante 2471;0
Estudiante 2472;1
Estudiante 2473;1
Estudiante 2474;1
Estudiante 2475;1
Estudiante 2476;0
Estudiante 2477;0
Estudiante 2478;0
Estudiante 2479;0
Estudiante 2480;0
Estudiante 2481;0
Estudiante 2482;0
Estudiante 2483;0
Estudiante 2484;1
Estudiante 2485;0
Estudiante 2486;0
Estudiante 2487;0
Estudiante 2488;0
Estudiante 2489;0
Estudiante 2490;0
Estudiante 2491;0
Estudiante 2492;0
Estudiante 2493;0
Estudiante 2494;0
Estudiante 2495;0
Estudiante 2496;0
Estudiante 2497;1
Estudiante 2498;0
Estudiante 2499;1
Estudiante 2500;1
Estudiante 2501;1
Estudiante 2502;0
Estudiante 2503;0
Estudiante 2504;0
Estudiante 2505;0
Estudiante 2506;0
Estudiante 2507;0
Estudiante 2508;0
Estudiante 2509;1
Estudiante 2510;0
Estudiante 2511;0
Estudiante 2512;0
Estudiante 2513;0
Estudiante 2514;0
Estudiante 2515;0
Estudiante 2516;0
Estudiante 2517;1
Estudiante 2518;0
Estudiante 2519;0
Estudiante 2520;1
Estudiante 2521;1
Estudiante 2522;1
Estudiante 2523;1
Estudiante 2524;1
Estudiante 2525;1
Estudiante 2526;1
Estudiante 2527;0
Estudiante 2528;0
Estudiante 2529;1
Estudiante 2530;0
Estudiante 2531;0
Estudiante 2532;0
Estudiante 2533;0
Estudiante 2534;0
Estudiante 2535;1
Estudiante 2536;0
Estudiante 2537;1
Estudiante 2538;0
Estudiante 2539;1
Estudiante 2540;1
Estudiante 2541;1
Estudiante 2542;0
Estudiante 2543;0
Estudiante 2544;1
Estudiante 2545;0
Estudiante 2546;0
Estudiante 2547;1
Estudiante 2548;0
Estudiante 2549;0
Estudiante 2550;0
Estudiante 2551;0
Estudiante 2552;1
Estudiante 2553;0
Estudiante 2554;0
Estudiante 2555;0
Estudiante 2556;0
Estudiante 2557;0
Estudiante 2558;1
Estudiante 2559;0
Estudiante 2560;1
Estudiante 2561;0
Estudiante 2562;0
Estudiante 2563;0
Estudiante 2564;0
Estudiante 2565;0
Estudiante 2566;0
Estudiante 2567;0
Estudiante 2568;1
Estudiante 2569;1
Estudiante 2570;0
Estudiante 2571;1
Estudiante 2572;0
Estudiante 2573;1
Estudiante 2574;0
Estudiante 2575;0
Estudiante 2576;0
Estudiante 2577;1
Estudiante 2578;1
Estudiante 2579;0
Estudiante 2580;1
Estudiante 2581;0
Estudiante 2582;0
Estudiante 2583;0
Estudiante 2584;0
Estudiante 2585;0
Estudiante 2586;0
Estudiante 2587;0
Estudiante 2588;0
Estudiante 2589;0
Estudiante 2590;1
Estudiante 2591;1
Estudiante 2592;0
Estudiante 2593;0
Estudiante 2594;0
Estudiante 2595;0
Estudiante 2596;0
Estudiante 2597;1
Estudiante 2598;0
Estudiante 2599;1
Estudiante 2600;1
Estudiante 2601;0
Estudiante 2602;1
Estudiante 2603;1
Estudiante 2604;1
Estudiante 2605;0
Estudiante 2606;1
Estudiante 2607;1
Estudiante 2608;0
Estudiante 2609;1
Estudiante 2610;1
Estudiante 2611;0
Estudiante 2612;0
Estudiante 2613;0
Estudiante 2614;1
Estudiante 2615;0
Estudiante 2616;0
Estudiante 2617;0
Estudiante 2618;0
Estudiante 2619;0
Estudiante 2620;1
Estudiante 2621;0
Estudiante 2622;0
Estudiante 2623;0
Estudiante 2624;0
Estudiante 2625;1
Estudiante 2626;0
Estudiante 2627;0
Estudiante 2628;0
Estudiante 2629;0
Estudiante 2630;0
Estudiante 2631;1
Estudiante 2632;1
Estudiante 2633;1
Estudiante 2634;0
Estudiante 2635;0
Estudiante 2636;1
Estudiante 2637;0
Estudiante 2638;1
Estudiante 2639;0
Estudiante 2640;0
Estudiante 2641;1
Estudiante 2642;0
Estudiante 2643;0
Estudiante 2644;0
Estudiante 2645;0
Estudiante 2646;1
Estudiante 2647;0
Estudiante 2648;0
Estudiante 2649;1
Estudiante 2650;0
Estudiante 2651;0
Estudiante 2652;0
Estudiante 2653;0
Estudiante 2654;1
Estudiante 2655;0
Estudiante 2656;1
Estudiante 2657;0
Estudiante 2658;0
Estudiante 2659;1
Estudiante 2660;0
Estudiante 2661;1
Estudiante 2662;1
Estudiante 2663;0
Estudiante 2664;0
Estudiante 2665;0
Estudiante 2666;0
Estudiante 2667;1
Estudiante 2668;1
Estudiante 2669;0
Estudiante 2670;0
Estudiante 2671;0
Estudiante 2672;0
Estudiante 2673;0
Estudiante 2674;0
Estudiante 2675;0
Estudiante 2676;0
Estudiante 2677;0
Estudiante 2678;0
Estudiante 2679;0
Estudiante 2680;1
Estudiante 2681;0
Estudiante 2682;1
Estudiante 2683;1
Estudiante 2684;0
Estudiante 2685;1
Estudiante 2686;1
Estudiante 2687;1
Estudiante 2688;1
Estudiante 2689;1
Estudiante 2690;1
Estudiante 2691;0
Estudiante 2692;1
Estudiante 2693;0
Estudiante 2694;0
Estudiante 2695;1
Estudiante 2696;0
Estudiante 2697;0
Estudiante 2698;0
Estudiante 2699;1
Estudiante 2700;0
Estudiante 2701;1
Estudiante 2702;0
Estudiante 2703;0
Estudiante 2704;0
Estudiante 2705;1
Estudiante 2706;1
Estudiante 2707;0
Estudiante 2708;1
Estudiante 2709;1
Estudiante 2710;1
Estudiante 2711;0
Estudiante 2712;0
Estudiante 2713;1
Estudiante 2714;0
Estudiante 2715;1
Estudiante 2716;1
Estudiante 2717;0
Estudiante 2718;0
Estudiante 2719;0
Estudiante 2720;0
Estudiante 2721;1
Estudiante 2722;1
Estudiante 2723;1
Estudiante 2724;0
Estudiante 2725;1
Estudiante 2726;0
Estudiante 2727;1
Estudiante 2728;0
Estudiante 2729;0
Estudiante 2730;1
Estudiante 2731;1
Estudiante 2732;1
Estudiante 2733;0
Estudiante 2734;1
Estudiante 2735;0
Estudiante 2736;0
Estudiante 2737;0
Estudiante 2738;0
Estudiante 2739;0
Estudiante 2740;1
Estudiante 2741;0
Estudiante 2742;1
Estudiante 2743;0
Estudiante 2744;1
Estudiante 2745;1
Estudiante 2746;0
Estudiante 2747;0
Estudiante 2748;1
Estudiante 2749;0
Estudiante 2750;1
Estudiante 2751;1
Estudiante 2752;1
Estudiante 2753;0
Estudiante 2754;1
Estudiante 2755;1
Estudiante 2756;1
Estudiante 2757;1
Estudiante 2758;0
Estudiante 2759;0
Estudiante 2760;1
Estudiante 2761;0
Estudiante 2762;0
Estudiante 2763;0
Estudiante 2764;0
Estudiante 2765;0
Estudiante 2766;0
Estudiante 2767;1
Estudiante 2768;1
Estudiante 2769;0
Estudiante 2770;0
Estudiante 2771;0
Estudiante 2772;1
Estudiante 2773;1
Estudiante 2774;0
Estudiante 2775;0
Estudiante 2776;0
Estudiante 2777;0
Estudiante 2778;1
Estudiante 2779;0
Estudiante 2780;0
Estudiante 2781;1
Estudiante 2782;0
Estudiante 2783;1
Estudiante 2784;0
Estudiante 2785;0
Estudiante 2786;0
Estudiante 2787;1
Estudiante 2788;1
Estudiante 2789;0
Estudiante 2790;0
Estudiante 2791;0
Estudiante 2792;0
Estudiante 2793;0
Estudiante 2794;0
Estudiante 2795;1
Estudiante 2796;1
Estudiante 2797;0
Estudiante 2798;1
Estudiante 2799;0
Estudiante 2800;1
Estudiante 2801;0
Estudiante 2802;1
Estudiante 2803;0
Estudiante 2804;0
Estudiante 2805;1
Estudiante 2806;0
Estudiante 2807;1
Estudiante 2808;1
Estudiante 2809;1
Estudiante 2810;0
Estudiante 2811;0
Estudiante 2812;0
Estudiante 2813;1
Estudiante 2814;1
Estudiante 2815;0
Estudiante 2816;1
Estudiante 2817;1
Estudiante 2818;1
Estudiante 2819;1
Estudiante 2820;0
Estudiante 2821;1
Estudiante 2822;0
Estudiante 2823;0
Estudiante 2824;0
Estudiante 2825;0
Estudiante 2826;1
Estudiante 2827;0
Estudiante 2828;0
Estudiante 2829;1
Estudiante 2830;0
Estudiante 2831;0
Estudiante 2832;0
Estudiante 2833;0
Estudiante 2834;0
Estudiante 2835;0
Estudiante 2836;0
Estudiante 2837;0
Estudiante 2838;0
Estudiante 2839;0
Estudiante 2840;0
Estudiante 2841;1
Estudiante 2842;0
Estudiante 2843;1
Estudiante 2844;1
Estudiante 2845;1
Estudiante 2846;0
Estudiante 2847;0
Estudiante 2848;0
Estudiante 2849;0
Estudiante 2850;0
Estudiante 2851;1
Estudiante 2852;1
Estudiante 2853;1
Estudiante 2854;1
Estudiante 2855;0
Estudiante 2856;0
Estudiante 2857;0
Estudiante 2858;0
Estudiante 2859;0
Estudiante 2860;1
Estudiante 2861;1
Estudiante 2862;0
Estudiante 2863;0
Estudiante 2864;0
Estudiante 2865;0
Estudiante 2866;1
Estudiante 2867;1
Estudiante 2868;1
Estudiante 2869;0
Estudiante 2870;0
Estudiante 2871;0
Estudiante 2872;0
Estudiante 2873;0
Estudiante 2874;0
Estudiante 2875;1
Estudiante 2876;1
Estudiante 2877;1
Estudiante 2878;0
Estudiante 2879;1
Estudiante 2880;0
Estudiante 2881;1
Estudiante 2882;1
Estudiante 2883;1
Estudiante 2884;0
Estudiante 2885;1
Estudiante 2886;0
Estudiante 2887;1
Estudiante 2888;0
Estudiante 2889;1
Estudiante 2890;0
Estudiante 2891;0
Estudiante 2892;1
Estudiante 2893;1
Estudiante 2894;0
Estudiante 2895;0
Estudiante 2896;0
Estudiante 2897;0
Estudiante 2898;0
Estudiante 2899;0
Estudiante 2900;0
Estudiante 2901;1
Estudiante 2902;0
Estudiante 2903;0
Estudiante 2904;0
Estudiante 2905;1
Estudiante 2906;0
Estudiante 2907;1
Estudiante 2908;1
Estudiante 2909;0
Estudiante 2910;1
Estudiante 2911;0
Estudiante 2912;1
Estudiante 2913;0
Estudiante 2914;0
Estudiante 2915;0
Estudiante 2916;0
Estudiante 2917;1
Estudiante 2918;1
Estudiante 2919;0
Estudiante 2920;0
Estudiante 2921;1
Estudiante 2922;1
Estudiante 2923;0
Estudiante 2924;1
Estudiante 2925;1
Estudiante 2926;0
Estudiante 2927;0
Estudiante 2928;0
Estudiante 2929;0
Estudiante 2930;0
Estudiante 2931;0
Estudiante 2932;0
Estudiante 2933;1
Estudiante 2934;0
Estudiante 2935;0
Estudiante 2936;0
Estudiante 2937;0
Estudiante 2938;0
Estudiante 2939;1
Estudiante 2940;0
Estudiante 2941;1
Estudiante 2942;0
Estudiante 2943;0
Estudiante 2944;1
Estudiante 2945;0
Estudiante 2946;0
Estudiante 2947;0
Estudiante 2948;0
Estudiante 2949;1
Estudiante 2950;0
Estudiante 2951;1
Estudiante 2952;1
Estudiante 2953;0
Estudiante 2954;0
Estudiante 2955;1
Estudiante 2956;0
Estudiante 2957;0
Estudiante 2958;1
Estudiante 2959;1
Estudiante 2960;0
Estudiante 2961;1
Estudiante 2962;0
Estudiante 2963;0
Estudiante 2964;0
Estudiante 2965;0
Estudiante 2966;0
Estudiante 2967;1
Estudiante 2968;0
Estudiante 2969;1
Estudiante 2970;1
Estudiante 2971;1
Estudiante 2972;1
Estudiante 2973;1
Estudiante 2974;1
Estudiante 2975;0
Estudiante 2976;0
Estudiante 2977;0
Estudiante 2978;0
Estudiante 2979;0
Estudiante 2980;1
Estudiante 2981;0
Estudiante 2982;1
Estudiante 2983;0
Estudiante 2984;0
Estudiante 2985;0
Estudiante 2986;0
Estudiante 2987;1
Estudiante 2988;1
Estudiante 2989;1
Estudiante 2990;0
Estudiante 2991;1
Estudiante 2992;0
Estudiante 2993;1
Estudiante 2994;0
Estudiante 2995;1
Estudiante 2996;0
Estudiante 2997;1
Estudiante 2998;1
Estudiante 2999;0
Estudiante 3000;0
Estudiante 3001;1
Estudiante 3002;0
Estudiante 3003;0
Estudiante 3004;0
Estudiante 3005;1
Estudiante 3006;1
Estudiante 3007;0
Estudiante 3008;0
Estudiante 3009;0
Estudiante 3010;0
Estudiante 3011;1
Estudiante 3012;1
Estudiante 3013;0
Estudiante 3014;0
Estudiante 3015;0
Estudiante 3016;1
Estudiante 3017;0
Estudiante 3018;1
Estudiante 3019;0
Estudiante 3020;1
Estudiante 3021;0
Estudiante 3022;0
Estudiante 3023;0
Estudiante 3024;1
Estudiante 3025;0
Estudiante 3026;0
Estudiante 3027;0
Estudiante 3028;1
Estudiante 3029;0
Estudiante 3030;0
Estudiante 3031;0
Estudiante 3032;0
Estudiante 3033;0
Estudiante 3034;0
Estudiante 3035;0
Estudiante 3036;0
Estudiante 3037;1
Estudiante 3038;0
Estudiante 3039;1
Estudiante 3040;1
Estudiante 3041;1
Estudiante 3042;0
Estudiante 3043;0
Estudiante 3044;0
Estudiante 3045;0
Estudiante 3046;1
Estudiante 3047;1
Estudiante 3048;0
Estudiante 3049;0
Estudiante 3050;0
Estudiante 3051;0
Estudiante 3052;1
Estudiante 3053;0
Estudiante 3054;1
Estudiante 3055;0
Estudiante 3056;1
Estudiante 3057;1
Estudiante 3058;1
Estudiante 3059;0
Estudiante 3060;1
Estudiante 3061;0
Estudiante 3062;0
Estudiante 3063;0
Estudiante 3064;1
Estudiante 3065;1
Estudiante 3066;1
Estudiante 3067;0
Estudiante 3068;1
Estudiante 3069;0
Estudiante 3070;0
Estudiante 3071;1
Estudiante 3072;0
Estudiante 3073;0
Estudiante 3074;1
Estudiante 3075;0
Estudiante 3076;1
Estudiante 3077;0
Estudiante 3078;0
Estudiante 3079;0
Estudiante 3080;1
Estudiante 3081;0
Estudiante 3082;0
Estudiante 3083;0
Estudiante 3084;0
Estudiante 3085;0
Estudiante 3086;1
Estudiante 3087;1
Estudiante 3088;1
Estudiante 3089;0
Estudiante 3090;0
Estudiante 3091;1
Estudiante 3092;1
Estudiante 3093;1
Estudiante 3094;0
Estudiante 3095;1
Estudiante 3096;1
Estudiante 3097;0
Estudiante 3098;1
Estudiante 3099;1
Estudiante 3100;0
Estudiante 3101;0
Estudiante 3102;0
Estudiante 3103;0
Estudiante 3104;1
Estudiante 3105;1
Estudiante 3106;1
Estudiante 3107;0
Estudiante 3108;0
Estudiante 3109;0
Estudiante 3110;0
Estudiante 3111;0
Estudiante 3112;1
Estudiante 3113;0
Estudiante 3114;0
Estudiante 3115;0
Estudiante 3116;0
Estudiante 3117;0
Estudiante 3118;0
Estudiante 3119;0
Estudiante 3120;0
Estudiante 3121;0
Estudiante 3122;0
Estudiante 3123;0
Estudiante 3124;1
Estudiante 3125;0
Estudiante 3126;1
Estudiante 3127;0
Estudiante 3128;1
Estudiante 3129;1
Estudiante 3130;0
Estudiante 3131;0
Estudiante 3132;0
Estudiante 3133;1
Estudiante 3134;0
Estudiante 3135;1
Estudiante 3136;0
Estudiante 3137;1
Estudiante 3138;0
Estudiante 3139;1
Estudiante 3140;0
Estudiante 3141;1
Estudiante 3142;0
Estudiante 3143;0
Estudiante 3144;1
Estudiante 3145;0
Estudiante 3146;1
Estudiante 3147;0
Estudiante 3148;1
Estudiante 3149;0
Estudiante 3150;0
Estudiante 3151;0
Estudiante 3152;0
Estudiante 3153;1
Estudiante 3154;0
Estudiante 3155;1
Estudiante 3156;1
Estudiante 3157;0
Estudiante 3158;0
Estudiante 3159;1
Estudiante 3160;0
Estudiante 3161;0
Estudiante 3162;1
Estudiante 3163;1
Estudiante 3164;1
Estudiante 3165;1
Estudiante 3166;0
Estudiante 3167;1
Estudiante 3168;1
Estudiante 3169;0
Estudiante 3170;0
Estudiante 3171;0
Estudiante 3172;0
Estudiante 3173;1
Estudiante 3174;1
Estudiante 3175;0
Estudiante 3176;0
Estudiante 3177;1
Estudiante 3178;0
Estudiante 3179;1
Estudiante 3180;0
Estudiante 3181;0
Estudiante 3182;0
Estudiante 3183;1
Estudiante 3184;1
Estudiante 3185;0
Estudiante 3186;1
Estudiante 3187;0
Estudiante 3188;0
Estudiante 3189;0
Estudiante 3190;0
Estudiante 3191;0
Estudiante 3192;1
Estudiante 3193;0
Estudiante 3194;1
Estudiante 3195;1
Estudiante 3196;1
Estudiante 3197;0
Estudiante 3198;1
Estudiante 3199;0
Estudiante 3200;1
Estudiante 3201;0
Estudiante 3202;0
Estudiante 3203;1
Estudiante 3204;0
Estudiante 3205;0
Estudiante 3206;0
Estudiante 3207;1
Estudiante 3208;0
Estudiante 3209;0
Estudiante 3210;0
Estudiante 3211;0
Estudiante 3212;0
Estudiante 3213;1
Estudiante 3214;0
Estudiante 3215;0
Estudiante 3216;0
Estudiante 3217;0
Estudiante 3218;0
Estudiante 3219;1
Estudiante 3220;1
Estudiante 3221;0
Estudiante 3222;0
Estudiante 3223;1
Estudiante 3224;0
Estudiante 3225;0
Estudiante 3226;1
Estudiante 3227;0
Estudiante 3228;1
Estudiante 3229;1
Estudiante 3230;1
Estudiante 3231;1
Estudiante 3232;0
Estudiante 3233;0
Estudiante 3234;1
Estudiante 3235;1
Estudiante 3236;1
Estudiante 3237;0
Estudiante 3238;0
Estudiante 3239;0
Estudiante 3240;0
Estudiante 3241;0
Estudiante 3242;0
Estudiante 3243;1
Estudiante 3244;1
Estudiante 3245;0
Estudiante 3246;0
Estudiante 3247;0
Estudiante 3248;1
Estudiante 3249;0
Estudiante 3250;0
Estudiante 3251;1
Estudiante 3252;0
Estudiante 3253;0
Estudiante 3254;0
Estudiante 3255;0
Estudiante 3256;1
Estudiante 3257;0
Estudiante 3258;0
Estudiante 3259;0
Estudiante 3260;0
Estudiante 3261;0
Estudiante 3262;0
Estudiante 3263;1
Estudiante 3264;1
Estudiante 3265;0
Estudiante 3266;0
Estudiante 3267;1
Estudiante 3268;0
Estudiante 3269;0
Estudiante 3270;0
Estudiante 3271;1
Estudiante 3272;1
Estudiante 3273;1
Estudiante 3274;0
Estudiante 3275;1
Estudiante 3276;1
Estudiante 3277;0
Estudiante 3278;0
Estudiante 3279;1
Estudiante 3280;0
Estudiante 3281;0
Estudiante 3282;0
Estudiante 3283;1
Estudiante 3284;1
Estudiante 3285;0
Estudiante 3286;0
Estudiante 3287;1
Estudiante 3288;0
Estudiante 3289;0
Estudiante 3290;0
Estudiante 3291;0
Estudiante 3292;0
Estudiante 3293;0
Estudiante 3294;0
Estudiante 3295;1
Estudiante 3296;1
Estudiante 3297;0
Estudiante 3298;0
Estudiante 3299;0
Estudiante 3300;1
Estudiante 3301;0
Estudiante 3302;0
Estudiante 3303;1
Estudiante 3304;0
Estudiante 3305;0
Estudiante 3306;0
Estudiante 3307;1
Estudiante 3308;1
Estudiante 3309;1
Estudiante 3310;1
Estudiante 3311;0
Estudiante 3312;0
Estudiante 3313;0
Estudiante 3314;0
Estudiante 3315;1
Estudiante 3316;0
Estudiante 3317;0
Estudiante 3318;0
Estudiante 3319;0
Estudiante 3320;0
Estudiante 3321;0
Estudiante 3322;0
Estudiante 3323;0
Estudiante 3324;1
Estudiante 3325;1
Estudiante 3326;1
Estudiante 3327;0
Estudiante 3328;0
Estudiante 3329;0
Estudiante 3330;0
Estudiante 3331;1
Estudiante 3332;0
Estudiante 3333;0
Estudiante 3334;1
Estudiante 3335;1
Estudiante 3336;0
Estudiante 3337;0
Estudiante 3338;0
Estudiante 3339;1
Estudiante 3340;1
Estudiante 3341;0
Estudiante 3342;1
Estudiante 3343;1
Estudiante 3344;1
Estudiante 3345;0
Estudiante 3346;0
Estudiante 3347;1
Estudiante 3348;0
Estudiante 3349;1
Estudiante 3350;0
Estudiante 3351;0
Estudiante 3352;0
Estudiante 3353;0
Estudiante 3354;1
Estudiante 3355;0
Estudiante 3356;0
Estudiante 3357;0
Estudiante 3358;1
Estudiante 3359;1
Estudiante 3360;1
Estudiante 3361;0
Estudiante 3362;0
Estudiante 3363;0
Estudiante 3364;1
Estudiante 3365;0
Estudiante 3366;1
Estudiante 3367;0
Estudiante 3368;0
Estudiante 3369;0
Estudiante 3370;0
Estudiante 3371;0
Estudiante 3372;0
Estudiante 3373;1
Estudiante 3374;0
Estudiante 3375;0
Estudiante 3376;0
Estudiante 3377;1
Estudiante 3378;1
Estudiante 3379;0
Estudiante 3380;0
Estudiante 3381;0
Estudiante 3382;0
Estudiante 3383;1
Estudiante 3384;1
Estudiante 3385;1
Estudiante 3386;0
Estudiante 3387;0
Estudiante 3388;0
Estudiante 3389;1
Estudiante 3390;1
Estudiante 3391;1
Estudiante 3392;1
Estudiante 3393;1
Estudiante 3394;0
Estudiante 3395;0
Estudiante 3396;1
Estudiante 3397;1
Estudiante 3398;1
Estudiante 3399;0
Estudiante 3400;1
Estudiante 3401;1
Estudiante 3402;0
Estudiante 3403;0
Estudiante 3404;0
Estudiante 3405;0
Estudiante 3406;0
Estudiante 3407;0
Estudiante 3408;0
Estudiante 3409;0
Estudiante 3410;0
Estudiante 3411;1
Estudiante 3412;1
Estudiante 3413;0
Estudiante 3414;0
Estudiante 3415;0
Estudiante 3416;0
Estudiante 3417;1
Estudiante 3418;0
Estudiante 3419;1
Estudiante 3420;0
Estudiante 3421;1
Estudiante 3422;0
Estudiante 3423;1
Estudiante 3424;0
Estudiante 3425;1
Estudiante 3426;0
Estudiante 3427;0
Estudiante 3428;0
Estudiante 3429;0
Estudiante 3430;0
Estudiante 3431;1
Estudiante 3432;1
Estudiante 3433;1
Estudiante 3434;1
Estudiante 3435;0
Estudiante 3436;0
Estudiante 3437;0
Estudiante 3438;1
Estudiante 3439;1
Estudiante 3440;0
Estudiante 3441;0
Estudiante 3442;0
Estudiante 3443;0
Estudiante 3444;0
Estudiante 3445;1
Estudiante 3446;0
Estudiante 3447;1
Estudiante 3448;0
Estudiante 3449;1
Estudiante 3450;1
Estudiante 3451;0
Estudiante 3452;0
Estudiante 3453;0
Estudiante 3454;0
Estudiante 3455;0
Estudiante 3456;1
Estudiante 3457;0
Estudiante 3458;1
Estudiante 3459;0
Estudiante 3460;1
Estudiante 3461;0
Estudiante 3462;0
Estudiante 3463;0
Estudiante 3464;1
Estudiante 3465;0
Estudiante 3466;0
Estudiante 3467;0
Estudiante 3468;0
Estudiante 3469;0
Estudiante 3470;0
Estudiante 3471;1
Estudiante 3472;1
Estudiante 3473;1
Estudiante 3474;0
Estudiante 3475;0
Estudiante 3476;1
Estudiante 3477;1
Estudiante 3478;0
Estudiante 3479;0
Estudiante 3480;1
Estudiante 3481;1
Estudiante 3482;1
Estudiante 3483;0
Estudiante 3484;1
Estudiante 3485;0
Estudiante 3486;1
Estudiante 3487;0
Estudiante 3488;0
Estudiante 3489;1
Estudiante 3490;0
Estudiante 3491;1
Estudiante 3492;0
Estudiante 3493;0
Estudiante 3494;1
Estudiante 3495;1
Estudiante 3496;1
Estudiante 3497;1
Estudiante 3498;1
Estudiante 3499;1
Estudiante 3500;0
Estudiante 3501;1
Estudiante 3502;1
Estudiante 3503;0
Estudiante 3504;0
Estudiante 3505;0
Estudiante 3506;0
Estudiante 3507;0
Estudiante 3508;0
Estudiante 3509;0
Estudiante 3510;0
Estudiante 3511;0
Estudiante 3512;0
Estudiante 3513;0
Estudiante 3514;1
Estudiante 3515;0
Estudiante 3516;0
Estudiante 3517;1
Estudiante 3518;1
Estudiante 3519;1
Estudiante 3520;0
Estudiante 3521;1
Estudiante 3522;0
Estudiante 3523;1
Estudiante 3524;0
Estudiante 3525;0
Estudiante 3526;0
Estudiante 3527;0
Estudiante 3528;1
Estudiante 3529;1
Estudiante 3530;0
Estudiante 3531;0
Estudiante 3532;0
Estudiante 3533;0
Estudiante 3534;0
Estudiante 3535;0
Estudiante 3536;0
Estudiante 3537;0
Estudiante 3538;0
Estudiante 3539;0
Estudiante 3540;0
Estudiante 3541;0
Estudiante 3542;1
Estudiante 3543;0
Estudiante 3544;1
Estudiante 3545;0
Estudiante 3546;1
Estudiante 3547;0
Estudiante 3548;0
Estudiante 3549;1
Estudiante 3550;0
Estudiante 3551;1
Estudiante 3552;0
Estudiante 3553;0
Estudiante 3554;1
Estudiante 3555;0
Estudiante 3556;1
Estudiante 3557;1
Estudiante 3558;0
Estudiante 3559;0
Estudiante 3560;0
Estudiante 3561;0
Estudiante 3562;0
Estudiante 3563;0
Estudiante 3564;1
Estudiante 3565;1
Estudiante 3566;1
Estudiante 3567;1
Estudiante 3568;0
Estudiante 3569;1
Estudiante 3570;1
Estudiante 3571;1
Estudiante 3572;0
Estudiante 3573;1
Estudiante 3574;1
Estudiante 3575;0
Estudiante 3576;1
Estudiante 3577;1
Estudiante 3578;0
Estudiante 3579;0
Estudiante 3580;0
Estudiante 3581;1
Estudiante 3582;0
Estudiante 3583;1
Estudiante 3584;1
Estudiante 3585;0
Estudiante 3586;1
Estudiante 3587;0
Estudiante 3588;0
Estudiante 3589;0
Estudiante 3590;1
Estudiante 3591;0
Estudiante 3592;1
Estudiante 3593;1
Estudiante 3594;0
Estudiante 3595;1
Estudiante 3596;1
Estudiante 3597;0
Estudiante 3598;0
Estudiante 3599;1
Estudiante 3600;0
Estudiante 3601;0
Estudiante 3602;1
Estudiante 3603;1
Estudiante 3604;0
Estudiante 3605;0
Estudiante 3606;0
Estudiante 3607;1
Estudiante 3608;1
Estudiante 3609;1
Estudiante 3610;0
Estudiante 3611;1
Estudiante 3612;1
Estudiante 3613;1
Estudiante 3614;1
Estudiante 3615;0
Estudiante 3616;0
Estudiante 3617;1
Estudiante 3618;0
Estudiante 3619;1
Estudiante 3620;0
Estudiante 3621;1
Estudiante 3622;0
Estudiante 3623;1
Estudiante 3624;1
Estudiante 3625;1
Estudiante 3626;1
Estudiante 3627;0
Estudiante 3628;0
Estudiante 3629;0
Estudiante 3630;0
Estudiante 3631;0
Estudiante 3632;1
Estudiante 3633;0
Estudiante 3634;0
Estudiante 3635;1
Estudiante 3636;1
Estudiante 3637;1
Estudiante 3638;0
Estudiante 3639;0
Estudiante 3640;1
Estudiante 3641;1
Estudiante 3642;0
Estudiante 3643;1
Estudiante 3644;0
Estudiante 3645;1
Estudiante 3646;0
Estudiante 3647;0
Estudiante 3648;1
Estudiante 3649;0
Estudiante 3650;0
Estudiante 3651;0
Estudiante 3652;1
Estudiante 3653;0
Estudiante 3654;0
Estudiante 3655;0
Estudiante 3656;1
Estudiante 3657;1
Estudiante 3658;0
Estudiante 3659;1
Estudiante 3660;0
Estudiante 3661;0
Estudiante 3662;0
Estudiante 3663;1
Estudiante 3664;0
Estudiante 3665;0
Estudiante 3666;0
Estudiante 3667;0
Estudiante 3668;1
Estudiante 3669;0
Estudiante 3670;1
Estudiante 3671;1
Estudiante 3672;1
Estudiante 3673;0
Estudiante 3674;0
Estudiante 3675;1
Estudiante 3676;0
Estudiante 3677;0
Estudiante 3678;0
Estudiante 3679;0
Estudiante 3680;1
Estudiante 3681;0
Estudiante 3682;0
Estudiante 3683;1
Estudiante 3684;1
Estudiante 3685;1
Estudiante 3686;1
Estudiante 3687;0
Estudiante 3688;1
Estudiante 3689;1
Estudiante 3690;1
Estudiante 3691;1
Estudiante 3692;0
Estudiante 3693;1
Estudiante 3694;1
Estudiante 3695;1
Estudiante 3696;1
Estudiante 3697;1
Estudiante 3698;1
Estudiante 3699;0
Estudiante 3700;0
Estudiante 3701;0
Estudiante 3702;1
Estudiante 3703;0
Estudiante 3704;0
Estudiante 3705;0
Estudiante 3706;0
Estudiante 3707;1
Estudiante 3708;0
Estudiante 3709;0
Estudiante 3710;0
Estudiante 3711;1
Estudiante 3712;0
Estudiante 3713;0
Estudiante 3714;1
Estudiante 3715;1
Estudiante 3716;0
Estudiante 3717;0
Estudiante 3718;1
Estudiante 3719;0
Estudiante 3720;1
Estudiante 3721;1
Estudiante 3722;0
Estudiante 3723;1
Estudiante 3724;1
Estudiante 3725;0
Estudiante 3726;1
Estudiante 3727;1
Estudiante 3728;0
Estudiante 3729;0
Estudiante 3730;0
Estudiante 3731;1
Estudiante 3732;1
Estudiante 3733;0
Estudiante 3734;0
Estudiante 3735;0
Estudiante 3736;0
Estudiante 3737;0
Estudiante 3738;1
Estudiante 3739;0
Estudiante 3740;0
Estudiante 3741;1
Estudiante 3742;1
Estudiante 3743;0
Estudiante 3744;0
Estudiante 3745;0
Estudiante 3746;1
Estudiante 3747;0
Estudiante 3748;0
Estudiante 3749;1
Estudiante 3750;0
Estudiante 3751;1
Estudiante 3752;0
Estudiante 3753;0
Estudiante 3754;0
Estudiante 3755;1
Estudiante 3756;0
Estudiante 3757;0
Estudiante 3758;0
Estudiante 3759;0
Estudiante 3760;0
Estudiante 3761;0
Estudiante 3762;0
Estudiante 3763;0
Estudiante 3764;1
Estudiante 3765;0
Estudiante 3766;0
Estudiante 3767;0
Estudiante 3768;1
Estudiante 3769;0
Estudiante 3770;0
Estudiante 3771;0
Estudiante 3772;0
Estudiante 3773;1
Estudiante 3774;0
Estudiante 3775;1
Estudiante 3776;0
Estudiante 3777;1
Estudiante 3778;0
Estudiante 3779;1
Estudiante 3780;1
Estudiante 3781;1
Estudiante 3782;0
Estudiante 3783;0
Estudiante 3784;1
Estudiante 3785;0
Estudiante 3786;1
Estudiante 3787;1
Estudiante 3788;1
Estudiante 3789;0
Estudiante 3790;0
Estudiante 3791;0
Estudiante 3792;0
Estudiante 3793;0
Estudiante 3794;0
Estudiante 3795;1
Estudiante 3796;0
Estudiante 3797;1
Estudiante 3798;1
Estudiante 3799;0
Estudiante 3800;0
Estudiante 3801;1
Estudiante 3802;0
Estudiante 3803;1
Estudiante 3804;0
Estudiante 3805;1
Estudiante 3806;0
Estudiante 3807;0
Estudiante 3808;0
Estudiante 3809;0
Estudiante 3810;1
Estudiante 3811;1
Estudiante 3812;1
Estudiante 3813;1
Estudiante 3814;0
Estudiante 3815;0
Estudiante 3816;0
Estudiante 3817;1
Estudiante 3818;1
Estudiante 3819;0
Estudiante 3820;1
Estudiante 3821;1
Estudiante 3822;0
Estudiante 3823;1
Estudiante 3824;0
Estudiante 3825;1
Estudiante 3826;1
Estudiante 3827;0
Estudiante 3828;1
Estudiante 3829;0
Estudiante 3830;0
Estudiante 3831;0
Estudiante 3832;0
Estudiante 3833;1
Estudiante 3834;0
Estudiante 3835;1
Estudiante 3836;0
Estudiante 3837;1
Estudiante 3838;1
Estudiante 3839;0
Estudiante 3840;0
Estudiante 3841;0
Estudiante 3842;1
Estudiante 3843;0
Estudiante 3844;1
Estudiante 3845;1
Estudiante 3846;0
Estudiante 3847;1
Estudiante 3848;1
Estudiante 3849;0
Estudiante 3850;0
Estudiante 3851;0
Estudiante 3852;0
Estudiante 3853;0
Estudiante 3854;1
Estudiante 3855;0
Estudiante 3856;0
Estudiante 3857;1
Estudiante 3858;0
Estudiante 3859;0
Estudiante 3860;1
Estudiante 3861;0
Estudiante 3862;0
Estudiante 3863;1
Estudiante 3864;1
Estudiante 3865;0
Estudiante 3866;0
Estudiante 3867;1
Estudiante 3868;0
Estudiante 3869;0
Estudiante 3870;0
Estudiante 3871;0
Estudiante 3872;0
Estudiante 3873;0
Estudiante 3874;0
Estudiante 3875;0
Estudiante 3876;0
Estudiante 3877;0
Estudiante 3878;1
Estudiante 3879;1
Estudiante 3880;0
Estudiante 3881;0
Estudiante 3882;0
Estudiante 3883;0
Estudiante 3884;1
Estudiante 3885;1
Estudiante 3886;0
Estudiante 3887;1
Estudiante 3888;0
Estudiante 3889;0
Estudiante 3890;1
Estudiante 3891;0
Estudiante 3892;1
Estudiante 3893;0
Estudiante 3894;1
Estudiante 3895;0
Estudiante 3896;0
Estudiante 3897;0
Estudiante 3898;1
Estudiante 3899;0
Estudiante 3900;1
Estudiante 3901;0
Estudiante 3902;0
Estudiante 3903;0
Estudiante 3904;0
Estudiante 3905;0
Estudiante 3906;0
Estudiante 3907;1
Estudiante 3908;0
Estudiante 3909;1
Estudiante 3910;1
Estudiante 3911;0
Estudiante 3912;0
Estudiante 3913;1
Estudiante 3914;0
Estudiante 3915;1
Estudiante 3916;0
Estudiante 3917;1
Estudiante 3918;0
Estudiante 3919;0
Estudiante 3920;0
Estudiante 3921;0
Estudiante 3922;1
Estudiante 3923;0
Estudiante 3924;1
Estudiante 3925;1
Estudiante 3926;1
Estudiante 3927;0
Estudiante 3928;0
Estudiante 3929;0
Estudiante 3930;1
Estudiante 3931;1
Estudiante 3932;0
Estudiante 3933;1
Estudiante 3934;1
Estudiante 3935;0
Estudiante 3936;1
Estudiante 3937;0
Estudiante 3938;1
Estudiante 3939;0
Estudiante 3940;0
Estudiante 3941;1
Estudiante 3942;1
Estudiante 3943;1
Estudiante 3944;1
Estudiante 3945;0
Estudiante 3946;0
Estudiante 3947;0
Estudiante 3948;0
Estudiante 3949;1
Estudiante 3950;0
Estudiante 3951;1
Estudiante 3952;0
Estudiante 3953;0
Estudiante 3954;0
Estudiante 3955;0
Estudiante 3956;0
Estudiante 3957;0
Estudiante 3958;1
Estudiante 3959;0
Estudiante 3960;0
Estudiante 3961;0
Estudiante 3962;1
Estudiante 3963;0
Estudiante 3964;0
Estudiante 3965;0
Estudiante 3966;0
Estudiante 3967;0
Estudiante 3968;0
Estudiante 3969;1
Estudiante 3970;1
Estudiante 3971;0
Estudiante 3972;0
Estudiante 3973;0
Estudiante 3974;0
Estudiante 3975;1
Estudiante 3976;1
Estudiante 3977;1
Estudiante 3978;0
Estudiante 3979;0
Estudiante 3980;1
Estudiante 3981;1
Estudiante 3982;1
Estudiante 3983;0
Estudiante 3984;1
Estudiante 3985;0
Estudiante 3986;0
Estudiante 3987;0
Estudiante 3988;1
Estudiante 3989;0
Estudiante 3990;0
Estudiante 3991;0
Estudiante 3992;1
Estudiante 3993;1
Estudiante 3994;0
Estudiante 3995;0
Estudiante 3996;1
Estudiante 3997;0
Estudiante 3998;0
Estudiante 3999;0
Estudiante 4000;0
Estudiante 4001;1
Estudiante 4002;1
Estudiante 4003;1
Estudiante 4004;1
Estudiante 4005;0
Estudiante 4006;1
Estudiante 4007;0
Estudiante 4008;0
Estudiante 4009;0
Estudiante 4010;1
Estudiante 4011;0
Estudiante 4012;0
Estudiante 4013;1
Estudiante 4014;1
Estudiante 4015;1
Estudiante 4016;0
Estudiante 4017;1
Estudiante 4018;0
Estudiante 4019;1
Estudiante 4020;0
Estudiante 4021;1
Estudiante 4022;0
Estudiante 4023;0
Estudiante 4024;0
Estudiante 4025;0
Estudiante 4026;1
Estudiante 4027;0
Estudiante 4028;0
Estudiante 4029;1
Estudiante 4030;1
Estudiante 4031;1
Estudiante 4032;1
Estudiante 4033;1
Estudiante 4034;1
Estudiante 4035;0
Estudiante 4036;1
Estudiante 4037;1
Estudiante 4038;0
Estudiante 4039;0
Estudiante 4040;0
Estudiante 4041;0
Estudiante 4042;1
Estudiante 4043;0
Estudiante 4044;0
Estudiante 4045;0
Estudiante 4046;0
Estudiante 4047;1
Estudiante 4048;0
Estudiante 4049;0
Estudiante 4050;0
Estudiante 4051;1
Estudiante 4052;1
Estudiante 4053;0
Estudiante 4054;1
Estudiante 4055;0
Estudiante 4056;1
Estudiante 4057;0
Estudiante 4058;1
Estudiante 4059;1
Estudiante 4060;0
Estudiante 4061;1
Estudiante 4062;1
Estudiante 4063;0
Estudiante 4064;0
Estudiante 4065;0
Estudiante 4066;1
Estudiante 4067;0
Estudiante 4068;0
Estudiante 4069;0
Estudiante 4070;0
Estudiante 4071;0
Estudiante 4072;0
Estudiante 4073;0
Estudiante 4074;1
Estudiante 4075;0
Estudiante 4076;1
Estudiante 4077;0
Estudiante 4078;0
Estudiante 4079;1
Estudiante 4080;0
Estudiante 4081;1
Estudiante 4082;0
Estudiante 4083;0
Estudiante 4084;0
Estudiante 4085;1
Estudiante 4086;1
Estudiante 4087;0
Estudiante 4088;0
Estudiante 4089;1
Estudiante 4090;0
Estudiante 4091;1
Estudiante 4092;0
Estudiante 4093;0
Estudiante 4094;1
Estudiante 4095;0
Estudiante 4096;0
Estudiante 4097;1
Estudiante 4098;0
Estudiante 4099;1
Estudiante 4100;0
Estudiante 4101;0
Estudiante 4102;0
Estudiante 4103;0
Estudiante 4104;0
Estudiante 4105;0
Estudiante 4106;0
Estudiante 4107;0
Estudiante 4108;0
Estudiante 4109;0
Estudiante 4110;0
Estudiante 4111;1
Estudiante 4112;0
Estudiante 4113;1
Estudiante 4114;1
Estudiante 4115;0
Estudiante 4116;0
Estudiante 4117;0
Estudiante 4118;0
Estudiante 4119;1
Estudiante 4120;0
Estudiante 4121;0
Estudiante 4122;0
Estudiante 4123;0
Estudiante 4124;0
Estudiante 4125;1
Estudiante 4126;1
Estudiante 4127;0
Estudiante 4128;0
Estudiante 4129;1
Estudiante 4130;0
Estudiante 4131;1
Estudiante 4132;1
Estudiante 4133;1
Estudiante 4134;1
Estudiante 4135;1
Estudiante 4136;0
Estudiante 4137;0
Estudiante 4138;0
Estudiante 4139;0
Estudiante 4140;0
Estudiante 4141;1
Estudiante 4142;0
Estudiante 4143;0
Estudiante 4144;1
Estudiante 4145;0
Estudiante 4146;0
Estudiante 4147;0
Estudiante 4148;0
Estudiante 4149;0
Estudiante 4150;1
Estudiante 4151;1
Estudiante 4152;0
Estudiante 4153;0
Estudiante 4154;0
Estudiante 4155;0
Estudiante 4156;1
Estudiante 4157;0
Estudiante 4158;0
Estudiante 4159;0
Estudiante 4160;0
Estudiante 4161;1
Estudiante 4162;1
Estudiante 4163;0
Estudiante 4164;1
Estudiante 4165;1
Estudiante 4166;0
Estudiante 4167;1
Estudiante 4168;0
Estudiante 4169;1
Estudiante 4170;0
Estudiante 4171;1
Estudiante 4172;1
Estudiante 4173;1
Estudiante 4174;0
Estudiante 4175;0
Estudiante 4176;0
Estudiante 4177;1
Estudiante 4178;0
Estudiante 4179;0
Estudiante 4180;0
Estudiante 4181;1
Estudiante 4182;1
Estudiante 4183;0
Estudiante 4184;0
Estudiante 4185;0
Estudiante 4186;1
Estudiante 4187;0
Estudiante 4188;0
Estudiante 4189;0
Estudiante 4190;1
Estudiante 4191;1
Estudiante 4192;0
Estudiante 4193;0
Estudiante 4194;1
Estudiante 4195;0
Estudiante 4196;0
Estudiante 4197;0
Estudiante 4198;1
Estudiante 4199;1
Estudiante 4200;0
Estudiante 4201;1
Estudiante 4202;0
Estudiante 4203;0
Estudiante 4204;0
Estudiante 4205;0
Estudiante 4206;1
Estudiante 4207;0
Estudiante 4208;1
Estudiante 4209;1
Estudiante 4210;1
Estudiante 4211;0
Estudiante 4212;0
Estudiante 4213;0
Estudiante 4214;0
Estudiante 4215;0
Estudiante 4216;1
Estudiante 4217;1
Estudiante 4218;0
Estudiante 4219;0
Estudiante 4220;0
Estudiante 4221;0
Estudiante 4222;0
Estudiante 4223;1
Estudiante 4224;1
Estudiante 4225;0
Estudiante 4226;0
Estudiante 4227;0
Estudiante 4228;0
Estudiante 4229;0
Estudiante 4230;1
Estudiante 4231;1
Estudiante 4232;0
Estudiante 4233;0
Estudiante 4234;0
Estudiante 4235;0
Estudiante 4236;1
Estudiante 4237;0
Estudiante 4238;1
Estudiante 4239;1
Estudiante 4240;0
Estudiante 4241;0
Estudiante 4242;1
Estudiante 4243;0
Estudiante 4244;0
Estudiante 4245;0
Estudiante 4246;0
Estudiante 4247;0
Estudiante 4248;1
Estudiante 4249;0
Estudiante 4250;1
Estudiante 4251;0
Estudiante 4252;1
Estudiante 4253;0
Estudiante 4254;0
Estudiante 4255;0
Estudiante 4256;0
Estudiante 4257;1
Estudiante 4258;0
Estudiante 4259;1
Estudiante 4260;0
Estudiante 4261;1
Estudiante 4262;0
Estudiante 4263;0
Estudiante 4264;1
Estudiante 4265;0
Estudiante 4266;0
Estudiante 4267;0
Estudiante 4268;0
Estudiante 4269;0
Estudiante 4270;0
Estudiante 4271;0
Estudiante 4272;1
Estudiante 4273;0
Estudiante 4274;0
Estudiante 4275;1
Estudiante 4276;1
Estudiante 4277;1
Estudiante 4278;0
Estudiante 4279;1
Estudiante 4280;0
Estudiante 4281;1
Estudiante 4282;1
Estudiante 4283;1
Estudiante 4284;0
Estudiante 4285;1
Estudiante 4286;0
Estudiante 4287;1
Estudiante 4288;1
Estudiante 4289;0
Estudiante 4290;0
Estudiante 4291;0
Estudiante 4292;0
Estudiante 4293;0
Estudiante 4294;0
Estudiante 4295;0
Estudiante 4296;1
Estudiante 4297;0
Estudiante 4298;0
Estudiante 4299;1
Estudiante 4300;0
Estudiante 4301;1
Estudiante 4302;1
Estudiante 4303;0
Estudiante 4304;0
Estudiante 4305;0
Estudiante 4306;1
Estudiante 4307;0
Estudiante 4308;0
Estudiante 4309;1
Estudiante 4310;1
Estudiante 4311;0
Estudiante 4312;1
Estudiante 4313;1
Estudiante 4314;1
Estudiante 4315;0
Estudiante 4316;1
Estudiante 4317;0
Estudiante 4318;1
Estudiante 4319;1
Estudiante 4320;0
Estudiante 4321;0
Estudiante 4322;0
Estudiante 4323;0
Estudiante 4324;0
Estudiante 4325;1
Estudiante 4326;1
Estudiante 4327;0
Estudiante 4328;0
Estudiante 4329;0
Estudiante 4330;0
Estudiante 4331;0
Estudiante 4332;1
Estudiante 4333;0
Estudiante 4334;0
Estudiante 4335;0
Estudiante 4336;0
Estudiante 4337;1
Estudiante 4338;1
Estudiante 4339;0
Estudiante 4340;0
Estudiante 4341;1
Estudiante 4342;1
Estudiante 4343;0
Estudiante 4344;1
Estudiante 4345;1
Estudiante 4346;0
Estudiante 4347;1
Estudiante 4348;1
Estudiante 4349;1
Estudiante 4350;1
Estudiante 4351;1
Estudiante 4352;0
Estudiante 4353;1
Estudiante 4354;0
Estudiante 4355;0
Estudiante 4356;0
Estudiante 4357;0
Estudiante 4358;0
Estudiante 4359;0
Estudiante 4360;0
Estudiante 4361;1
Estudiante 4362;0
Estudiante 4363;0
Estudiante 4364;0
Estudiante 4365;0
Estudiante 4366;0
Estudiante 4367;0
Estudiante 4368;0
Estudiante 4369;0
Estudiante 4370;0
Estudiante 4371;1
Estudiante 4372;0
Estudiante 4373;1
Estudiante 4374;0
Estudiante 4375;0
Estudiante 4376;0
Estudiante 4377;1
Estudiante 4378;0
Estudiante 4379;0
Estudiante 4380;0
Estudiante 4381;0
Estudiante 4382;0
Estudiante 4383;1
Estudiante 4384;0
Estudiante 4385;0
Estudiante 4386;0
Estudiante 4387;0
Estudiante 4388;1
Estudiante 4389;1
Estudiante 4390;1
Estudiante 4391;0
Estudiante 4392;1
Estudiante 4393;0
Estudiante 4394;0
Estudiante 4395;1
Estudiante 4396;1
Estudiante 4397;1
Estudiante 4398;0
Estudiante 4399;0
Estudiante 4400;0
Estudiante 4401;1
Estudiante 4402;0
Estudiante 4403;0
Estudiante 4404;0
Estudiante 4405;1
Estudiante 4406;1
Estudiante 4407;1
Estudiante 4408;1
Estudiante 4409;0
Estudiante 4410;1
Estudiante 4411;0
Estudiante 4412;0
Estudiante 4413;0
Estudiante 4414;1
Estudiante 4415;0
Estudiante 4416;0
Estudiante 4417;1
Estudiante 4418;0
Estudiante 4419;0
Estudiante 4420;1
Estudiante 4421;0
Estudiante 4422;0
Estudiante 4423;0
Estudiante 4424;0
Estudiante 4425;1
Estudiante 4426;0
Estudiante 4427;0
Estudiante 4428;0
Estudiante 4429;1
Estudiante 4430;1
Estudiante 4431;0
Estudiante 4432;0
Estudiante 4433;0
Estudiante 4434;0
Estudiante 4435;0
Estudiante 4436;0
Estudiante 4437;1
Estudiante 4438;1
Estudiante 4439;1
Estudiante 4440;0
Estudiante 4441;0
Estudiante 4442;1
Estudiante 4443;0
Estudiante 4444;0
Estudiante 4445;0
Estudiante 4446;1
Estudiante 4447;0
Estudiante 4448;0
Estudiante 4449;1
Estudiante 4450;1
Estudiante 4451;1
Estudiante 4452;1
Estudiante 4453;0
Estudiante 4454;0
Estudiante 4455;1
Estudiante 4456;0
Estudiante 4457;1
Estudiante 4458;0
Estudiante 4459;0
Estudiante 4460;0
Estudiante 4461;1
Estudiante 4462;1
Estudiante 4463;0
Estudiante 4464;1
Estudiante 4465;0
Estudiante 4466;1
Estudiante 4467;0
Estudiante 4468;0
Estudiante 4469;1
Estudiante 4470;1
Estudiante 4471;1
Estudiante 4472;0
Estudiante 4473;1
Estudiante 4474;0
Estudiante 4475;1
Estudiante 4476;0
Estudiante 4477;1
Estudiante 4478;0
Estudiante 4479;0
Estudiante 4480;0
Estudiante 4481;0
Estudiante 4482;1
Estudiante 4483;0
Estudiante 4484;0
Estudiante 4485;0
Estudiante 4486;0
Estudiante 4487;1
Estudiante 4488;0
Estudiante 4489;1
Estudiante 4490;1
Estudiante 4491;1
Estudiante 4492;0
Estudiante 4493;1
Estudiante 4494;1
Estudiante 4495;0
Estudiante 4496;0
Estudiante 4497;0
Estudiante 4498;0
Estudiante 4499;0
Estudiante 4500;0
Estudiante 4501;0
Estudiante 4502;1
Estudiante 4503;1
Estudiante 4504;1
Estudiante 4505;0
Estudiante 4506;1
Estudiante 4507;1
Estudiante 4508;1
Estudiante 4509;0
Estudiante 4510;0
Estudiante 4511;1
Estudiante 4512;1
Estudiante 4513;1
Estudiante 4514;1
Estudiante 4515;1
Estudiante 4516;0
Estudiante 4517;1
Estudiante 4518;1
Estudiante 4519;0
Estudiante 4520;0
Estudiante 4521;0
Estudiante 4522;1
Estudiante 4523;0
Estudiante 4524;0
Estudiante 4525;0
Estudiante 4526;1
Estudiante 4527;1
Estudiante 4528;0
Estudiante 4529;1
Estudiante 4530;0
Estudiante 4531;1
Estudiante 4532;1
Estudiante 4533;0
Estudiante 4534;1
Estudiante 4535;0
Estudiante 4536;1
Estudiante 4537;0
Estudiante 4538;1
Estudiante 4539;1
Estudiante 4540;1
Estudiante 4541;1
Estudiante 4542;1
Estudiante 4543;0
Estudiante 4544;0
Estudiante 4545;0
Estudiante 4546;1
Estudiante 4547;0
Estudiante 4548;1
Estudiante 4549;1
Estudiante 4550;1
Estudiante 4551;0
Estudiante 4552;0
Estudiante 4553;1
Estudiante 4554;1
Estudiante 4555;0
Estudiante 4556;1
Estudiante 4557;1
Estudiante 4558;1
Estudiante 4559;0
Estudiante 4560;0
Estudiante 4561;1
Estudiante 4562;0
Estudiante 4563;0
Estudiante 4564;1
Estudiante 4565;1
Estudiante 4566;1
Estudiante 4567;0
Estudiante 4568;0
Estudiante 4569;1
Estudiante 4570;1
Estudiante 4571;0
Estudiante 4572;1
Estudiante 4573;0
Estudiante 4574;1
Estudiante 4575;1
Estudiante 4576;0
Estudiante 4577;0
Estudiante 4578;0
Estudiante 4579;0
Estudiante 4580;1
Estudiante 4581;0
Estudiante 4582;0
Estudiante 4583;0
Estudiante 4584;0
Estudiante 4585;1
Estudiante 4586;1
Estudiante 4587;0
Estudiante 4588;0
Estudiante 4589;1
Estudiante 4590;0
Estudiante 4591;0
Estudiante 4592;0
Estudiante 4593;0
Estudiante 4594;1
Estudiante 4595;1
Estudiante 4596;0
Estudiante 4597;0
Estudiante 4598;0
Estudiante 4599;0
Estudiante 4600;0
Estudiante 4601;0
Estudiante 4602;1
Estudiante 4603;0
Estudiante 4604;1
Estudiante 4605;0
Estudiante 4606;1
Estudiante 4607;0
Estudiante 4608;0
Estudiante 4609;0
Estudiante 4610;0
Estudiante 4611;1
Estudiante 4612;1
Estudiante 4613;0
Estudiante 4614;0
Estudiante 4615;1
Estudiante 4616;1
Estudiante 4617;1
Estudiante 4618;1
Estudiante 4619;1
Estudiante 4620;0
Estudiante 4621;0
Estudiante 4622;0
Estudiante 4623;1
Estudiante 4624;0
Estudiante 4625;0
Estudiante 4626;1
Estudiante 4627;0
Estudiante 4628;1
Estudiante 4629;0
Estudiante 4630;0
Estudiante 4631;0
Estudiante 4632;1
Estudiante 4633;0
Estudiante 4634;1
Estudiante 4635;0
Estudiante 4636;1
Estudiante 4637;1
Estudiante 4638;0
Estudiante 4639;1
Estudiante 4640;0
Estudiante 4641;1
Estudiante 4642;1
Estudiante 4643;0
Estudiante 4644;1
Estudiante 4645;1
Estudiante 4646;0
Estudiante 4647;0
Estudiante 4648;0
Estudiante 4649;1
Estudiante 4650;0
Estudiante 4651;1
Estudiante 4652;1
Estudiante 4653;1
Estudiante 4654;0
Estudiante 4655;1
Estudiante 4656;1
Estudiante 4657;1
Estudiante 4658;1
Estudiante 4659;1
Estudiante 4660;1
Estudiante 4661;0
Estudiante 4662;0
Estudiante 4663;0
Estudiante 4664;0
Estudiante 4665;1
Estudiante 4666;0
Estudiante 4667;0
